timestamp,camera_id,violations,severity
12-01-2026 20:41,TEST_CAM,TEST_VIOLATION,TEST
12-01-2026 20:46,FORCE_TEST,FORCED_FROM_MAIN,FORCE
2026-02-06 13:33:11,CAM_VIDEO,"NO_HELMET,NO_HARNESS,CRITICAL_VIOLATION",CRITICAL_ALERT
2026-02-06 13:33:13,CAM_VIDEO,"NO_HELMET,NO_HARNESS,CRITICAL_VIOLATION",CRITICAL_ALERT
2026-02-06 13:33:14,CAM_VIDEO,"NO_HELMET,NO_HARNESS,CRITICAL_VIOLATION",CRITICAL_ALERT
2026-02-06 13:33:16,CAM_VIDEO,"NO_HELMET,NO_HARNESS,CRITICAL_VIOLATION",CRITICAL_ALERT
2026-02-06 13:33:16,CAM_VIDEO,"NO_HELMET,NO_HARNESS,CRITICAL_VIOLATION",CRITICAL_ALERT
2026-02-06 13:33:17,CAM_VIDEO,"NO_HELMET,NO_HARNESS,CRITICAL_VIOLATION",CRITICAL_ALERT
2026-02-06 13:33:18,CAM_VIDEO,"NO_HELMET,NO_HARNESS,CRITICAL_VIOLATION",CRITICAL_ALERT
2026-02-06 13:33:19,CAM_VIDEO,"NO_HELMET,NO_HARNESS,CRITICAL_VIOLATION",CRITICAL_ALERT
2026-02-06 13:33:20,CAM_VIDEO,"NO_HELMET,NO_HARNESS,CRITICAL_VIOLATION",CRITICAL_ALERT
2026-02-06 13:33:21,CAM_VIDEO,"NO_HELMET,NO_HARNESS,CRITICAL_VIOLATION",CRITICAL_ALERT
2026-02-06 13:33:23,CAM_VIDEO,"NO_HELMET,NO_HARNESS,CRITICAL_VIOLATION",CRITICAL_ALERT
2026-02-06 13:33:24,CAM_VIDEO,"NO_HELMET,NO_HARNESS,CRITICAL_VIOLATION",CRITICAL_ALERT
2026-02-06 13:33:24,CAM_VIDEO,"NO_HELMET,NO_HARNESS,CRITICAL_VIOLATION",CRITICAL_ALERT
2026-02-06 13:33:25,CAM_VIDEO,"NO_HELMET,NO_HARNESS,CRITICAL_VIOLATION",CRITICAL_ALERT
2026-02-06 13:33:26,CAM_VIDEO,"NO_HELMET,NO_HARNESS,CRITICAL_VIOLATION",CRITICAL_ALERT
2026-02-06 13:33:27,CAM_VIDEO,"NO_HELMET,NO_HARNESS,CRITICAL_VIOLATION",CRITICAL_ALERT
2026-02-06 13:33:28,CAM_VIDEO,"NO_HELMET,NO_HARNESS,CRITICAL_VIOLATION",CRITICAL_ALERT
2026-02-06 13:33:29,CAM_VIDEO,"NO_HELMET,NO_HARNESS,CRITICAL_VIOLATION",CRITICAL_ALERT
2026-02-06 13:33:30,CAM_VIDEO,"NO_HELMET,NO_HARNESS,CRITICAL_VIOLATION",CRITICAL_ALERT
2026-02-06 13:33:30,CAM_VIDEO,"NO_HELMET,NO_HARNESS,CRITICAL_VIOLATION",CRITICAL_ALERT
2026-02-06 13:33:31,CAM_VIDEO,"NO_HELMET,NO_HARNESS,CRITICAL_VIOLATION",CRITICAL_ALERT
2026-02-06 13:33:32,CAM_VIDEO,"NO_HARNESS,CRITICAL_VIOLATION",CRITICAL_ALERT
2026-02-06 13:33:33,CAM_VIDEO,"NO_HELMET,NO_HARNESS,CRITICAL_VIOLATION",CRITICAL_ALERT
2026-02-06 13:33:34,CAM_VIDEO,"NO_HELMET,NO_HARNESS,CRITICAL_VIOLATION",CRITICAL_ALERT
2026-02-06 13:33:35,CAM_VIDEO,"NO_HELMET,NO_HARNESS,CRITICAL_VIOLATION",CRITICAL_ALERT
2026-02-06 13:33:36,CAM_VIDEO,"NO_HELMET,NO_HARNESS,CRITICAL_VIOLATION",CRITICAL_ALERT
2026-02-06 13:33:37,CAM_VIDEO,"NO_HELMET,NO_HARNESS,CRITICAL_VIOLATION",CRITICAL_ALERT
2026-02-06 13:33:38,CAM_VIDEO,"NO_HELMET,NO_HARNESS,CRITICAL_VIOLATION",CRITICAL_ALERT
2026-02-06 13:33:39,CAM_VIDEO,"NO_HELMET,NO_HARNESS,CRITICAL_VIOLATION",CRITICAL_ALERT
2026-02-06 13:33:40,CAM_VIDEO,"NO_HELMET,NO_HARNESS,CRITICAL_VIOLATION",CRITICAL_ALERT
2026-02-06 13:33:40,CAM_VIDEO,"NO_HELMET,NO_HARNESS,CRITICAL_VIOLATION",CRITICAL_ALERT
2026-02-06 13:33:41,CAM_VIDEO,"NO_HELMET,NO_HARNESS,CRITICAL_VIOLATION",CRITICAL_ALERT
2026-02-06 13:33:42,CAM_VIDEO,"NO_HELMET,NO_HARNESS,CRITICAL_VIOLATION",CRITICAL_ALERT
2026-02-06 13:33:43,CAM_VIDEO,"NO_HELMET,NO_HARNESS,CRITICAL_VIOLATION",CRITICAL_ALERT
2026-02-06 13:33:44,CAM_VIDEO,"NO_HELMET,NO_HARNESS,CRITICAL_VIOLATION",CRITICAL_ALERT
2026-02-06 13:33:45,CAM_VIDEO,"NO_HELMET,NO_HARNESS,CRITICAL_VIOLATION",CRITICAL_ALERT
2026-02-06 13:33:46,CAM_VIDEO,"NO_HELMET,NO_HARNESS,CRITICAL_VIOLATION",CRITICAL_ALERT
2026-02-06 13:33:46,CAM_VIDEO,"NO_HARNESS,CRITICAL_VIOLATION",CRITICAL_ALERT
2026-02-06 13:33:47,CAM_VIDEO,"NO_HELMET,NO_HARNESS,CRITICAL_VIOLATION",CRITICAL_ALERT
2026-02-06 13:33:48,CAM_VIDEO,"NO_HELMET,NO_HARNESS,CRITICAL_VIOLATION",CRITICAL_ALERT
2026-02-06 13:33:49,CAM_VIDEO,"NO_HELMET,NO_HARNESS,CRITICAL_VIOLATION",CRITICAL_ALERT
2026-02-06 13:33:50,CAM_VIDEO,"NO_HELMET,NO_HARNESS,CRITICAL_VIOLATION",CRITICAL_ALERT
2026-02-06 13:33:51,CAM_VIDEO,"NO_HELMET,NO_HARNESS,CRITICAL_VIOLATION",CRITICAL_ALERT
2026-02-06 13:33:51,CAM_VIDEO,"NO_HELMET,NO_HARNESS,CRITICAL_VIOLATION",CRITICAL_ALERT
2026-02-06 13:33:52,CAM_VIDEO,"NO_HELMET,NO_HARNESS,CRITICAL_VIOLATION",CRITICAL_ALERT
2026-02-06 13:33:53,CAM_VIDEO,"NO_HELMET,NO_HARNESS,CRITICAL_VIOLATION",CRITICAL_ALERT
2026-02-06 13:33:54,CAM_VIDEO,"NO_HELMET,NO_HARNESS,CRITICAL_VIOLATION",CRITICAL_ALERT
2026-02-06 13:33:55,CAM_VIDEO,"NO_HELMET,NO_HARNESS,CRITICAL_VIOLATION",CRITICAL_ALERT
2026-02-06 13:33:56,CAM_VIDEO,"NO_HELMET,NO_HARNESS,CRITICAL_VIOLATION",CRITICAL_ALERT
2026-02-06 13:33:57,CAM_VIDEO,"NO_HELMET,NO_HARNESS,CRITICAL_VIOLATION",CRITICAL_ALERT
2026-02-06 13:33:57,CAM_VIDEO,"NO_HELMET,NO_HARNESS,CRITICAL_VIOLATION",CRITICAL_ALERT
2026-02-06 13:33:58,CAM_VIDEO,"NO_HELMET,NO_HARNESS,CRITICAL_VIOLATION",CRITICAL_ALERT
2026-02-06 13:33:59,CAM_VIDEO,"NO_HELMET,NO_HARNESS,CRITICAL_VIOLATION",CRITICAL_ALERT
2026-02-06 13:34:00,CAM_VIDEO,"NO_HELMET,NO_HARNESS,CRITICAL_VIOLATION",CRITICAL_ALERT
2026-02-06 13:34:01,CAM_VIDEO,"NO_HELMET,NO_HARNESS,CRITICAL_VIOLATION",CRITICAL_ALERT
2026-02-06 13:34:02,CAM_VIDEO,"NO_HELMET,NO_HARNESS,CRITICAL_VIOLATION",CRITICAL_ALERT
2026-02-06 13:34:03,CAM_VIDEO,"NO_HELMET,NO_HARNESS,CRITICAL_VIOLATION",CRITICAL_ALERT
2026-02-06 13:34:03,CAM_VIDEO,"NO_HELMET,NO_HARNESS,CRITICAL_VIOLATION",CRITICAL_ALERT
2026-02-06 13:34:04,CAM_VIDEO,"NO_HELMET,NO_HARNESS,CRITICAL_VIOLATION",CRITICAL_ALERT
2026-02-06 14:02:41,CAM_DEMO,NO_HELMET,WARNING
2026-02-06 14:02:42,CAM_DEMO,NO_HELMET,WARNING
2026-02-06 14:02:43,CAM_DEMO,NO_HELMET,WARNING
2026-02-06 14:02:44,CAM_DEMO,NO_HELMET,WARNING
2026-02-06 14:02:45,CAM_DEMO,NO_HELMET,WARNING
2026-02-06 14:02:46,CAM_DEMO,NO_HELMET,WARNING
2026-02-06 14:02:47,CAM_DEMO,NO_HELMET,WARNING
2026-02-06 14:02:48,CAM_DEMO,NO_HELMET,WARNING
2026-02-06 14:02:49,CAM_DEMO,NO_HELMET,WARNING
2026-02-06 14:02:50,CAM_DEMO,NO_HELMET,WARNING
2026-02-06 14:02:51,CAM_DEMO,NO_HELMET,WARNING
2026-02-06 14:02:52,CAM_DEMO,NO_HELMET,WARNING
2026-02-06 14:02:53,CAM_DEMO,NO_HELMET,WARNING
2026-02-06 14:02:54,CAM_DEMO,NO_HELMET,WARNING
2026-02-06 14:02:56,CAM_DEMO,NO_HELMET,WARNING
2026-02-06 14:02:57,CAM_DEMO,NO_HELMET,WARNING
2026-02-06 14:02:58,CAM_DEMO,NO_HELMET,WARNING
2026-02-06 14:02:59,CAM_DEMO,NO_HELMET,WARNING
2026-02-06 14:03:00,CAM_DEMO,NO_HELMET,WARNING
2026-02-06 14:03:01,CAM_DEMO,NO_HELMET,WARNING
2026-02-06 14:03:02,CAM_DEMO,NO_HELMET,WARNING
2026-02-06 14:03:03,CAM_DEMO,NO_HELMET,WARNING
2026-02-06 14:03:04,CAM_DEMO,NO_HELMET,WARNING
2026-02-06 14:03:06,CAM_DEMO,NO_HELMET,WARNING
2026-02-06 14:03:07,CAM_DEMO,NO_HELMET,WARNING
2026-02-06 14:03:08,CAM_DEMO,NO_HELMET,WARNING
2026-02-06 14:03:09,CAM_DEMO,NO_HELMET,WARNING
2026-02-06 14:03:10,CAM_DEMO,NO_HELMET,WARNING
2026-02-06 14:03:24,CAM_DEMO,NO_HELMET,WARNING
2026-02-06 14:03:26,CAM_DEMO,NO_HELMET,WARNING
2026-02-06 14:03:27,CAM_DEMO,NO_HELMET,WARNING
2026-02-06 14:03:28,CAM_DEMO,NO_HELMET,WARNING
2026-02-06 14:03:29,CAM_DEMO,NO_HELMET,WARNING
2026-02-06 14:03:30,CAM_DEMO,NO_HELMET,WARNING
2026-02-06 14:03:31,CAM_DEMO,NO_HELMET,WARNING
2026-02-06 14:03:32,CAM_DEMO,NO_HELMET,WARNING
2026-02-06 14:03:33,CAM_DEMO,NO_HELMET,WARNING
2026-02-06 14:03:34,CAM_DEMO,NO_HELMET,WARNING
2026-02-06 14:03:35,CAM_DEMO,NO_HELMET,WARNING
2026-02-06 14:03:36,CAM_DEMO,NO_HELMET,WARNING
2026-02-06 14:03:37,CAM_DEMO,NO_HELMET,WARNING
2026-02-06 14:03:38,CAM_DEMO,NO_HELMET,WARNING
2026-02-06 14:03:39,CAM_DEMO,NO_HELMET,WARNING
2026-02-06 14:03:40,CAM_DEMO,NO_HELMET,WARNING
2026-02-06 14:03:42,CAM_DEMO,NO_HELMET,WARNING
2026-02-06 14:03:43,CAM_DEMO,NO_HELMET,WARNING
2026-02-06 14:03:44,CAM_DEMO,NO_HELMET,WARNING
2026-02-06 14:03:45,CAM_DEMO,NO_HELMET,WARNING
2026-02-06 14:03:46,CAM_DEMO,NO_HELMET,WARNING
2026-02-06 14:03:47,CAM_DEMO,NO_HELMET,WARNING
2026-02-06 14:03:48,CAM_DEMO,NO_HELMET,WARNING
2026-02-06 14:03:49,CAM_DEMO,NO_HELMET,WARNING
2026-02-06 14:03:50,CAM_DEMO,NO_HELMET,WARNING
2026-02-06 14:03:52,CAM_DEMO,NO_HELMET,WARNING
2026-02-06 14:03:53,CAM_DEMO,NO_HELMET,WARNING
2026-02-06 14:03:54,CAM_DEMO,NO_HELMET,WARNING
2026-02-06 14:21:06,CAM_DEMO,NO_HELMET,WARNING
2026-02-06 14:21:07,CAM_DEMO,NO_HELMET,WARNING
2026-02-06 14:21:09,CAM_DEMO,NO_HELMET,WARNING
2026-02-06 14:21:10,CAM_DEMO,NO_HELMET,WARNING
2026-02-06 14:21:11,CAM_DEMO,NO_HELMET,WARNING
2026-02-06 14:21:12,CAM_DEMO,NO_HELMET,WARNING
2026-02-06 14:21:13,CAM_DEMO,NO_HELMET,WARNING
2026-02-06 14:21:14,CAM_DEMO,NO_HELMET,WARNING
2026-02-06 14:21:14,CAM_DEMO,NO_HELMET,WARNING
2026-02-06 14:21:15,CAM_DEMO,NO_HELMET,WARNING
2026-02-06 14:21:16,CAM_DEMO,NO_HELMET,WARNING
2026-02-06 14:21:17,CAM_DEMO,NO_HELMET,WARNING
2026-02-06 14:21:18,CAM_DEMO,NO_HELMET,WARNING
2026-02-06 14:21:19,CAM_DEMO,NO_HELMET,WARNING
2026-02-06 14:21:20,CAM_DEMO,NO_HELMET,WARNING
2026-02-06 14:21:21,CAM_DEMO,NO_HELMET,WARNING
2026-02-06 14:21:22,CAM_DEMO,NO_HELMET,WARNING
2026-02-06 14:21:23,CAM_DEMO,NO_HELMET,WARNING
2026-02-06 14:21:24,CAM_DEMO,NO_HELMET,WARNING
2026-02-06 14:21:25,CAM_DEMO,NO_HELMET,WARNING
2026-02-06 14:21:26,CAM_DEMO,NO_HELMET,WARNING
2026-02-06 14:21:27,CAM_DEMO,NO_HELMET,WARNING
2026-02-06 14:21:28,CAM_DEMO,NO_HELMET,WARNING
2026-02-06 14:21:29,CAM_DEMO,NO_HELMET,WARNING
2026-02-06 14:21:30,CAM_DEMO,NO_HELMET,WARNING
2026-02-06 14:21:31,CAM_DEMO,NO_HELMET,WARNING
2026-02-06 14:21:32,CAM_DEMO,NO_HELMET,WARNING
2026-02-06 14:21:33,CAM_DEMO,NO_HELMET,WARNING
2026-02-06 14:21:34,CAM_DEMO,NO_HELMET,WARNING
2026-02-06 14:21:35,CAM_DEMO,NO_HELMET,WARNING
2026-02-06 14:21:36,CAM_DEMO,NO_HELMET,WARNING
2026-02-06 14:21:37,CAM_DEMO,NO_HELMET,WARNING
2026-02-06 14:21:38,CAM_DEMO,NO_HELMET,WARNING
2026-02-06 14:21:39,CAM_DEMO,NO_HELMET,WARNING
2026-02-06 14:21:40,CAM_DEMO,NO_HELMET,WARNING
2026-02-06 14:21:41,CAM_DEMO,NO_HELMET,WARNING
2026-02-06 14:21:50,CAM_DEMO,NO_HELMET,WARNING
2026-02-06 14:21:51,CAM_DEMO,NO_HELMET,WARNING
2026-02-06 14:21:52,CAM_DEMO,NO_HELMET,WARNING
2026-02-06 14:21:53,CAM_DEMO,NO_HELMET,WARNING
2026-02-06 14:21:54,CAM_DEMO,NO_HELMET,WARNING
2026-02-06 14:21:55,CAM_DEMO,NO_HELMET,WARNING
2026-02-06 14:21:56,CAM_DEMO,NO_HELMET,WARNING
2026-02-06 14:21:57,CAM_DEMO,NO_HELMET,WARNING
2026-02-06 14:21:58,CAM_DEMO,NO_HELMET,WARNING
2026-02-06 14:21:59,CAM_DEMO,NO_HELMET,WARNING
2026-02-06 14:22:00,CAM_DEMO,NO_HELMET,WARNING
2026-02-06 14:22:01,CAM_DEMO,NO_HELMET,WARNING
2026-02-06 14:22:02,CAM_DEMO,NO_HELMET,WARNING
2026-02-06 14:22:03,CAM_DEMO,NO_HELMET,WARNING
2026-02-06 14:22:04,CAM_DEMO,NO_HELMET,WARNING
2026-02-06 14:22:05,CAM_DEMO,NO_HELMET,WARNING
2026-02-06 14:22:06,CAM_DEMO,NO_HELMET,WARNING
2026-02-06 14:22:07,CAM_DEMO,NO_HELMET,WARNING
2026-02-06 14:22:08,CAM_DEMO,NO_HELMET,WARNING
2026-02-06 14:22:09,CAM_DEMO,NO_HELMET,WARNING
2026-02-06 14:22:10,CAM_DEMO,NO_HELMET,WARNING
2026-02-06 14:22:11,CAM_DEMO,NO_HELMET,WARNING
2026-02-06 14:22:12,CAM_DEMO,NO_HELMET,WARNING
2026-02-06 14:22:13,CAM_DEMO,NO_HELMET,WARNING
2026-02-06 14:22:14,CAM_DEMO,NO_HELMET,WARNING
2026-02-06 14:22:15,CAM_DEMO,NO_HELMET,WARNING
2026-02-06 14:22:15,CAM_DEMO,NO_HELMET,WARNING
2026-02-06 14:22:16,CAM_DEMO,NO_HELMET,WARNING
2026-02-06 14:22:17,CAM_DEMO,NO_HELMET,WARNING
2026-02-06 14:22:18,CAM_DEMO,NO_HELMET,WARNING
2026-02-06 14:22:19,CAM_DEMO,NO_HELMET,WARNING
2026-02-06 14:22:20,CAM_DEMO,NO_HELMET,WARNING
2026-02-06 14:22:21,CAM_DEMO,NO_HELMET,WARNING
2026-02-06 14:22:22,CAM_DEMO,NO_HELMET,WARNING
2026-02-06 14:22:23,CAM_DEMO,NO_HELMET,WARNING
2026-02-06 14:22:24,CAM_DEMO,NO_HELMET,WARNING
2026-02-06 14:22:25,CAM_DEMO,NO_HELMET,WARNING
2026-02-06 14:22:26,CAM_DEMO,NO_HELMET,WARNING
2026-02-06 14:22:27,CAM_DEMO,NO_HELMET,WARNING
2026-02-06 14:22:28,CAM_DEMO,NO_HELMET,WARNING
2026-02-06 14:22:29,CAM_DEMO,NO_HELMET,WARNING
2026-02-06 14:22:30,CAM_DEMO,NO_HELMET,WARNING
2026-02-06 14:22:31,CAM_DEMO,NO_HELMET,WARNING
2026-02-06 14:22:32,CAM_DEMO,NO_HELMET,WARNING
2026-02-06 14:22:33,CAM_DEMO,NO_HELMET,WARNING
2026-02-06 14:22:34,CAM_DEMO,NO_HELMET,WARNING
2026-02-06 14:22:35,CAM_DEMO,NO_HELMET,WARNING
2026-02-06 14:22:36,CAM_DEMO,NO_HELMET,WARNING
2026-02-06 14:22:36,CAM_DEMO,NO_HELMET,WARNING
2026-02-06 14:22:37,CAM_DEMO,NO_HELMET,WARNING
2026-02-06 14:22:38,CAM_DEMO,NO_HELMET,WARNING
2026-02-06 14:22:39,CAM_DEMO,NO_HELMET,WARNING
2026-02-06 14:22:40,CAM_DEMO,NO_HELMET,WARNING
2026-02-06 14:22:41,CAM_DEMO,NO_HELMET,WARNING
2026-02-06 14:22:42,CAM_DEMO,NO_HELMET,WARNING
2026-02-06 14:22:43,CAM_DEMO,NO_HELMET,WARNING
2026-02-06 14:22:44,CAM_DEMO,NO_HELMET,WARNING
2026-02-06 14:22:45,CAM_DEMO,NO_HELMET,WARNING
2026-02-06 14:22:46,CAM_DEMO,NO_HELMET,WARNING
2026-02-06 14:22:47,CAM_DEMO,NO_HELMET,WARNING
2026-02-06 14:22:48,CAM_DEMO,NO_HELMET,WARNING
2026-02-06 14:22:49,CAM_DEMO,NO_HELMET,WARNING
2026-02-06 14:22:50,CAM_DEMO,NO_HELMET,WARNING
2026-02-06 14:22:51,CAM_DEMO,NO_HELMET,WARNING
2026-02-06 14:22:51,CAM_DEMO,NO_HELMET,WARNING
2026-02-06 14:22:52,CAM_DEMO,NO_HELMET,WARNING
2026-02-06 14:22:53,CAM_DEMO,NO_HELMET,WARNING
2026-02-06 14:22:54,CAM_DEMO,NO_HELMET,WARNING
2026-02-06 14:22:55,CAM_DEMO,NO_HELMET,WARNING
2026-02-06 14:22:56,CAM_DEMO,NO_HELMET,WARNING
2026-02-06 14:22:57,CAM_DEMO,NO_HELMET,WARNING
2026-02-06 14:22:58,CAM_DEMO,NO_HELMET,WARNING
2026-02-06 14:22:59,CAM_DEMO,NO_HELMET,WARNING
2026-02-06 14:23:00,CAM_DEMO,NO_HELMET,WARNING
2026-02-06 14:23:01,CAM_DEMO,NO_HELMET,WARNING
2026-02-06 14:23:02,CAM_DEMO,NO_HELMET,WARNING
2026-02-06 14:23:03,CAM_DEMO,NO_HELMET,WARNING
2026-02-06 14:23:04,CAM_DEMO,NO_HELMET,WARNING
2026-02-06 14:23:05,CAM_DEMO,NO_HELMET,WARNING
2026-02-06 14:23:06,CAM_DEMO,NO_HELMET,WARNING
2026-02-06 14:23:07,CAM_DEMO,NO_HELMET,WARNING
2026-02-06 14:23:08,CAM_DEMO,NO_HELMET,WARNING
2026-02-06 14:23:09,CAM_DEMO,NO_HELMET,WARNING
2026-02-06 14:23:10,CAM_DEMO,NO_HELMET,WARNING
2026-02-06 14:23:11,CAM_DEMO,NO_HELMET,WARNING
2026-02-06 14:24:45,CAM_VIDEO,"NO_HELMET,NO_HARNESS,CRITICAL_VIOLATION",CRITICAL_ALERT
2026-02-06 14:24:46,CAM_VIDEO,"NO_HELMET,NO_HARNESS,CRITICAL_VIOLATION",CRITICAL_ALERT
2026-02-06 14:24:47,CAM_VIDEO,"NO_HELMET,NO_HARNESS,CRITICAL_VIOLATION",CRITICAL_ALERT
2026-02-06 14:24:48,CAM_VIDEO,"NO_HELMET,NO_HARNESS,CRITICAL_VIOLATION",CRITICAL_ALERT
2026-02-06 14:24:48,CAM_VIDEO,"NO_HELMET,NO_HARNESS,CRITICAL_VIOLATION",CRITICAL_ALERT
2026-02-06 14:24:49,CAM_VIDEO,"NO_HELMET,NO_HARNESS,CRITICAL_VIOLATION",CRITICAL_ALERT
2026-02-06 14:24:50,CAM_VIDEO,"NO_HELMET,NO_HARNESS,CRITICAL_VIOLATION",CRITICAL_ALERT
2026-02-06 14:24:51,CAM_VIDEO,"NO_HELMET,NO_HARNESS,CRITICAL_VIOLATION",CRITICAL_ALERT
2026-02-06 14:24:51,CAM_VIDEO,"NO_HELMET,NO_HARNESS,CRITICAL_VIOLATION",CRITICAL_ALERT
2026-02-06 14:24:52,CAM_VIDEO,"NO_HELMET,NO_HARNESS,CRITICAL_VIOLATION",CRITICAL_ALERT
2026-02-06 14:24:53,CAM_VIDEO,"NO_HELMET,NO_HARNESS,CRITICAL_VIOLATION",CRITICAL_ALERT
2026-02-06 14:24:54,CAM_VIDEO,"NO_HELMET,NO_HARNESS,CRITICAL_VIOLATION",CRITICAL_ALERT
2026-02-06 14:24:55,CAM_VIDEO,"NO_HELMET,NO_HARNESS,CRITICAL_VIOLATION",CRITICAL_ALERT
2026-02-06 14:24:55,CAM_VIDEO,"NO_HELMET,NO_HARNESS,CRITICAL_VIOLATION",CRITICAL_ALERT
2026-02-06 14:24:56,CAM_VIDEO,"NO_HELMET,NO_HARNESS,CRITICAL_VIOLATION",CRITICAL_ALERT
2026-02-06 14:24:57,CAM_VIDEO,"NO_HELMET,NO_HARNESS,CRITICAL_VIOLATION",CRITICAL_ALERT
2026-02-06 14:24:58,CAM_VIDEO,"NO_HELMET,NO_HARNESS,CRITICAL_VIOLATION",CRITICAL_ALERT
2026-02-06 14:24:58,CAM_VIDEO,"NO_HELMET,NO_HARNESS,CRITICAL_VIOLATION",CRITICAL_ALERT
2026-02-06 14:24:59,CAM_VIDEO,"NO_HELMET,NO_HARNESS,CRITICAL_VIOLATION",CRITICAL_ALERT
2026-02-06 14:25:00,CAM_VIDEO,"NO_HELMET,NO_HARNESS,CRITICAL_VIOLATION",CRITICAL_ALERT
2026-02-06 14:25:01,CAM_VIDEO,"NO_HELMET,NO_HARNESS,CRITICAL_VIOLATION",CRITICAL_ALERT
2026-02-06 14:25:02,CAM_VIDEO,"NO_HELMET,NO_HARNESS,CRITICAL_VIOLATION",CRITICAL_ALERT
2026-02-06 14:25:03,CAM_VIDEO,"NO_HELMET,NO_HARNESS,CRITICAL_VIOLATION",CRITICAL_ALERT
2026-02-06 14:25:04,CAM_VIDEO,"NO_HELMET,NO_HARNESS,CRITICAL_VIOLATION",CRITICAL_ALERT
2026-02-06 14:25:04,CAM_VIDEO,"NO_HELMET,NO_HARNESS,CRITICAL_VIOLATION",CRITICAL_ALERT
2026-02-06 14:25:05,CAM_VIDEO,"NO_HELMET,NO_HARNESS,CRITICAL_VIOLATION",CRITICAL_ALERT
2026-02-06 14:25:06,CAM_VIDEO,"NO_HELMET,NO_HARNESS,CRITICAL_VIOLATION",CRITICAL_ALERT
2026-02-06 14:25:07,CAM_VIDEO,"NO_HELMET,NO_HARNESS,CRITICAL_VIOLATION",CRITICAL_ALERT
2026-02-06 14:25:08,CAM_VIDEO,"NO_HELMET,NO_HARNESS,CRITICAL_VIOLATION",CRITICAL_ALERT
2026-02-06 14:25:09,CAM_VIDEO,"NO_HELMET,NO_HARNESS,CRITICAL_VIOLATION",CRITICAL_ALERT
2026-02-06 14:25:10,CAM_VIDEO,"NO_HELMET,NO_HARNESS,CRITICAL_VIOLATION",CRITICAL_ALERT
2026-02-06 14:25:11,CAM_VIDEO,"NO_HELMET,NO_HARNESS,CRITICAL_VIOLATION",CRITICAL_ALERT
2026-02-06 14:25:12,CAM_VIDEO,"NO_HELMET,NO_HARNESS,CRITICAL_VIOLATION",CRITICAL_ALERT
2026-02-06 14:25:13,CAM_VIDEO,"NO_HELMET,NO_HARNESS,CRITICAL_VIOLATION",CRITICAL_ALERT
2026-02-06 14:25:13,CAM_VIDEO,"NO_HELMET,NO_HARNESS,CRITICAL_VIOLATION",CRITICAL_ALERT
2026-02-06 14:25:14,CAM_VIDEO,"NO_HELMET,NO_HARNESS,CRITICAL_VIOLATION",CRITICAL_ALERT
2026-02-06 14:25:15,CAM_VIDEO,"NO_HELMET,NO_HARNESS,CRITICAL_VIOLATION",CRITICAL_ALERT
2026-02-06 14:25:16,CAM_VIDEO,"NO_HELMET,NO_HARNESS,CRITICAL_VIOLATION",CRITICAL_ALERT
2026-02-06 14:25:17,CAM_VIDEO,"NO_HELMET,NO_HARNESS,CRITICAL_VIOLATION",CRITICAL_ALERT
2026-02-06 14:25:17,CAM_VIDEO,"NO_HELMET,NO_HARNESS,CRITICAL_VIOLATION",CRITICAL_ALERT
2026-02-06 14:25:18,CAM_VIDEO,"NO_HELMET,NO_HARNESS,CRITICAL_VIOLATION",CRITICAL_ALERT
2026-02-06 14:25:19,CAM_VIDEO,"NO_HARNESS,CRITICAL_VIOLATION",CRITICAL_ALERT
2026-02-06 14:25:20,CAM_VIDEO,"NO_HELMET,NO_HARNESS,CRITICAL_VIOLATION",CRITICAL_ALERT
2026-02-06 14:25:21,CAM_VIDEO,"NO_HELMET,NO_HARNESS,CRITICAL_VIOLATION",CRITICAL_ALERT
2026-02-06 14:25:22,CAM_VIDEO,"NO_HELMET,NO_HARNESS,CRITICAL_VIOLATION",CRITICAL_ALERT
2026-02-06 14:25:22,CAM_VIDEO,"NO_HELMET,NO_HARNESS,CRITICAL_VIOLATION",CRITICAL_ALERT
2026-02-06 14:25:23,CAM_VIDEO,"NO_HELMET,NO_HARNESS,CRITICAL_VIOLATION",CRITICAL_ALERT
2026-02-06 14:25:24,CAM_VIDEO,"NO_HELMET,NO_HARNESS,CRITICAL_VIOLATION",CRITICAL_ALERT
2026-02-06 14:25:24,CAM_VIDEO,"NO_HELMET,NO_HARNESS,CRITICAL_VIOLATION",CRITICAL_ALERT
2026-02-06 14:26:25,CAM_VIDEO,"NO_HELMET,NO_HARNESS,CRITICAL_VIOLATION",CRITICAL_ALERT
2026-02-06 14:26:26,CAM_VIDEO,"NO_HELMET,NO_HARNESS,CRITICAL_VIOLATION",CRITICAL_ALERT
2026-02-06 14:26:26,CAM_VIDEO,"NO_HELMET,NO_HARNESS,CRITICAL_VIOLATION",CRITICAL_ALERT
2026-02-06 14:26:27,CAM_VIDEO,"NO_HELMET,NO_HARNESS,CRITICAL_VIOLATION",CRITICAL_ALERT
2026-02-06 14:26:28,CAM_VIDEO,"NO_HELMET,NO_HARNESS,CRITICAL_VIOLATION",CRITICAL_ALERT
2026-02-06 14:26:29,CAM_VIDEO,"NO_HELMET,NO_HARNESS,CRITICAL_VIOLATION",CRITICAL_ALERT
2026-02-06 14:26:30,CAM_VIDEO,"NO_HELMET,NO_HARNESS,CRITICAL_VIOLATION",CRITICAL_ALERT
2026-02-06 14:26:31,CAM_VIDEO,"NO_HELMET,NO_HARNESS,CRITICAL_VIOLATION",CRITICAL_ALERT
2026-02-06 14:26:32,CAM_VIDEO,"NO_HELMET,NO_HARNESS,CRITICAL_VIOLATION",CRITICAL_ALERT
2026-02-06 14:26:32,CAM_VIDEO,"NO_HELMET,NO_HARNESS,CRITICAL_VIOLATION",CRITICAL_ALERT
2026-02-06 14:26:33,CAM_VIDEO,"NO_HELMET,NO_HARNESS,CRITICAL_VIOLATION",CRITICAL_ALERT
2026-02-06 14:26:34,CAM_VIDEO,"NO_HELMET,NO_HARNESS,CRITICAL_VIOLATION",CRITICAL_ALERT
2026-02-06 14:26:35,CAM_VIDEO,"NO_HELMET,NO_HARNESS,CRITICAL_VIOLATION",CRITICAL_ALERT
2026-02-06 14:26:36,CAM_VIDEO,"NO_HELMET,NO_HARNESS,CRITICAL_VIOLATION",CRITICAL_ALERT
2026-02-06 14:26:36,CAM_VIDEO,"NO_HELMET,NO_HARNESS,CRITICAL_VIOLATION",CRITICAL_ALERT
2026-02-06 14:26:37,CAM_VIDEO,"NO_HELMET,NO_HARNESS,CRITICAL_VIOLATION",CRITICAL_ALERT
2026-02-06 14:26:38,CAM_VIDEO,"NO_HELMET,NO_HARNESS,CRITICAL_VIOLATION",CRITICAL_ALERT
2026-02-06 14:26:39,CAM_VIDEO,"NO_HELMET,NO_HARNESS,CRITICAL_VIOLATION",CRITICAL_ALERT
2026-02-06 14:26:40,CAM_VIDEO,"NO_HELMET,NO_HARNESS,CRITICAL_VIOLATION",CRITICAL_ALERT
2026-02-06 14:26:41,CAM_VIDEO,"NO_HELMET,NO_HARNESS,CRITICAL_VIOLATION",CRITICAL_ALERT
2026-02-06 14:26:41,CAM_VIDEO,"NO_HELMET,NO_HARNESS,CRITICAL_VIOLATION",CRITICAL_ALERT
2026-02-06 14:26:42,CAM_VIDEO,"NO_HELMET,NO_HARNESS,CRITICAL_VIOLATION",CRITICAL_ALERT
2026-02-06 14:26:43,CAM_VIDEO,"NO_HELMET,NO_HARNESS,CRITICAL_VIOLATION",CRITICAL_ALERT
2026-02-06 14:26:44,CAM_VIDEO,"NO_HELMET,NO_HARNESS,CRITICAL_VIOLATION",CRITICAL_ALERT
2026-02-06 14:26:45,CAM_VIDEO,"NO_HELMET,NO_HARNESS,CRITICAL_VIOLATION",CRITICAL_ALERT
2026-02-06 14:26:46,CAM_VIDEO,"NO_HELMET,NO_HARNESS,CRITICAL_VIOLATION",CRITICAL_ALERT
2026-02-06 14:26:46,CAM_VIDEO,"NO_HELMET,NO_HARNESS,CRITICAL_VIOLATION",CRITICAL_ALERT
2026-02-06 14:26:47,CAM_VIDEO,"NO_HELMET,NO_HARNESS,CRITICAL_VIOLATION",CRITICAL_ALERT
2026-02-06 14:26:49,CAM_VIDEO,"NO_HELMET,NO_HARNESS,CRITICAL_VIOLATION",CRITICAL_ALERT
2026-02-06 14:26:50,CAM_VIDEO,"NO_HELMET,NO_HARNESS,CRITICAL_VIOLATION",CRITICAL_ALERT
2026-02-06 14:26:50,CAM_VIDEO,"NO_HELMET,NO_HARNESS,CRITICAL_VIOLATION",CRITICAL_ALERT
2026-02-06 14:26:51,CAM_VIDEO,"NO_HELMET,NO_HARNESS,CRITICAL_VIOLATION",CRITICAL_ALERT
2026-02-06 14:26:52,CAM_VIDEO,"NO_HELMET,NO_HARNESS,CRITICAL_VIOLATION",CRITICAL_ALERT
2026-02-06 14:26:53,CAM_VIDEO,"NO_HELMET,NO_HARNESS,CRITICAL_VIOLATION",CRITICAL_ALERT
2026-02-06 14:26:54,CAM_VIDEO,"NO_HELMET,NO_HARNESS,CRITICAL_VIOLATION",CRITICAL_ALERT
2026-02-06 14:26:55,CAM_VIDEO,"NO_HELMET,NO_HARNESS,CRITICAL_VIOLATION",CRITICAL_ALERT
2026-02-06 14:26:55,CAM_VIDEO,"NO_HELMET,NO_HARNESS,CRITICAL_VIOLATION",CRITICAL_ALERT
2026-02-06 14:26:56,CAM_VIDEO,"NO_HELMET,NO_HARNESS,CRITICAL_VIOLATION",CRITICAL_ALERT
2026-02-06 14:26:57,CAM_VIDEO,"NO_HELMET,NO_HARNESS,CRITICAL_VIOLATION",CRITICAL_ALERT
2026-02-06 14:26:58,CAM_VIDEO,"NO_HELMET,NO_HARNESS,CRITICAL_VIOLATION",CRITICAL_ALERT
2026-02-06 14:26:59,CAM_VIDEO,"NO_HELMET,NO_HARNESS,CRITICAL_VIOLATION",CRITICAL_ALERT
2026-02-06 14:27:00,CAM_VIDEO,"NO_HARNESS,CRITICAL_VIOLATION",CRITICAL_ALERT
2026-02-06 14:27:00,CAM_VIDEO,"NO_HELMET,NO_HARNESS,CRITICAL_VIOLATION",CRITICAL_ALERT
2026-02-06 14:27:01,CAM_VIDEO,"NO_HELMET,NO_HARNESS,CRITICAL_VIOLATION",CRITICAL_ALERT
2026-02-06 14:27:02,CAM_VIDEO,"NO_HELMET,NO_HARNESS,CRITICAL_VIOLATION",CRITICAL_ALERT
2026-02-06 14:27:03,CAM_VIDEO,"NO_HELMET,NO_HARNESS,CRITICAL_VIOLATION",CRITICAL_ALERT
2026-02-06 14:27:04,CAM_VIDEO,"NO_HELMET,NO_HARNESS,CRITICAL_VIOLATION",CRITICAL_ALERT
2026-02-06 14:27:04,CAM_VIDEO,"NO_HELMET,NO_HARNESS,CRITICAL_VIOLATION",CRITICAL_ALERT
2026-02-06 14:27:05,CAM_VIDEO,"NO_HELMET,NO_HARNESS,CRITICAL_VIOLATION",CRITICAL_ALERT
2026-02-06 14:27:06,CAM_VIDEO,"NO_HELMET,NO_HARNESS,CRITICAL_VIOLATION",CRITICAL_ALERT
2026-02-06 14:27:07,CAM_VIDEO,"NO_HELMET,NO_HARNESS,CRITICAL_VIOLATION",CRITICAL_ALERT
2026-02-06 14:27:08,CAM_VIDEO,"NO_HELMET,NO_HARNESS,CRITICAL_VIOLATION",CRITICAL_ALERT
2026-02-06 14:27:09,CAM_VIDEO,"NO_HELMET,NO_HARNESS,CRITICAL_VIOLATION",CRITICAL_ALERT
2026-02-06 14:27:10,CAM_VIDEO,"NO_HELMET,NO_HARNESS,CRITICAL_VIOLATION",CRITICAL_ALERT
2026-02-06 14:27:10,CAM_VIDEO,"NO_HELMET,NO_HARNESS,CRITICAL_VIOLATION",CRITICAL_ALERT
2026-02-06 14:27:11,CAM_VIDEO,"NO_HELMET,NO_HARNESS,CRITICAL_VIOLATION",CRITICAL_ALERT
2026-02-06 14:27:12,CAM_VIDEO,"NO_HELMET,NO_HARNESS,CRITICAL_VIOLATION",CRITICAL_ALERT
2026-02-06 14:27:13,CAM_VIDEO,"NO_HELMET,NO_HARNESS,CRITICAL_VIOLATION",CRITICAL_ALERT
2026-02-06 14:27:14,CAM_VIDEO,"NO_HELMET,NO_HARNESS,CRITICAL_VIOLATION",CRITICAL_ALERT
2026-02-06 14:27:15,CAM_VIDEO,"NO_HELMET,NO_HARNESS,CRITICAL_VIOLATION",CRITICAL_ALERT
2026-02-06 14:27:15,CAM_VIDEO,"NO_HELMET,NO_HARNESS,CRITICAL_VIOLATION",CRITICAL_ALERT
2026-02-06 14:27:16,CAM_VIDEO,"NO_HELMET,NO_HARNESS,CRITICAL_VIOLATION",CRITICAL_ALERT
2026-02-06 14:27:17,CAM_VIDEO,"NO_HELMET,NO_HARNESS,CRITICAL_VIOLATION",CRITICAL_ALERT
2026-02-06 16:33:50,CAM_VIDEO,"NO_HELMET, NO_HARNESS",CRITICAL
2026-02-06 16:33:55,CAM_VIDEO,"NO_HELMET, NO_HARNESS",CRITICAL
2026-02-06 16:34:01,CAM_VIDEO,NO_HARNESS,CRITICAL
2026-02-06 16:34:06,CAM_VIDEO,NO_HARNESS,CRITICAL
2026-02-06 16:34:11,CAM_VIDEO,"NO_HELMET, NO_HARNESS",CRITICAL
2026-02-06 16:34:16,CAM_VIDEO,NO_HARNESS,CRITICAL
2026-02-06 16:34:21,CAM_VIDEO,"NO_HELMET, NO_HARNESS",CRITICAL
2026-02-06 16:34:26,CAM_VIDEO,NO_HARNESS,CRITICAL
2026-02-06 16:34:31,CAM_VIDEO,"NO_HELMET, NO_HARNESS",CRITICAL
2026-02-06 16:34:37,CAM_VIDEO,"NO_HELMET, NO_HARNESS",CRITICAL
2026-02-06 18:40:40,CAM_VIDEO,"NO_HELMET, NO_HARNESS, NO_HELMET, NO_HARNESS, NO_HARNESS, NO_HARNESS, NO_HARNESS, NO_HARNESS, NO_HARNESS, NO_HARNESS, NO_HELMET, NO_HARNESS, NO_HARNESS, NO_HARNESS, NO_HARNESS, NO_HARNESS, NO_HARNESS, NO_HELMET, NO_HARNESS, NO_HELMET, NO_HARNESS, NO_HARNESS, NO_HELMET, NO_HARNESS, NO_HELMET, NO_HARNESS, NO_HARNESS, NO_HELMET, NO_HARNESS, NO_HARNESS, NO_HARNESS, NO_HELMET, NO_HARNESS, NO_HARNESS, NO_HARNESS, NO_HELMET, NO_HARNESS",CRITICAL
2026-02-06 18:40:40,CAM_VIDEO,"NO_HARNESS, NO_HELMET, NO_HARNESS, NO_HELMET, NO_HARNESS, NO_HARNESS, NO_HARNESS, NO_HARNESS, NO_HELMET, NO_HARNESS, NO_HARNESS, NO_HELMET, NO_HARNESS, NO_HARNESS, NO_HARNESS, NO_HELMET, NO_HARNESS, NO_HARNESS, NO_HARNESS, NO_HARNESS, NO_HARNESS, NO_HELMET, NO_HARNESS, NO_HARNESS, NO_HARNESS, NO_HELMET, NO_HARNESS",CRITICAL
2026-02-06 18:40:40,CAM_VIDEO,"NO_HELMET, NO_HARNESS, NO_HARNESS, NO_HARNESS, NO_HELMET, NO_HARNESS, NO_HARNESS, NO_HARNESS, NO_HARNESS, NO_HARNESS, NO_HARNESS, NO_HARNESS, NO_HARNESS, NO_HELMET, NO_HARNESS, NO_HARNESS, NO_HELMET, NO_HARNESS, NO_HARNESS, NO_HELMET, NO_HARNESS, NO_HELMET, NO_HARNESS, NO_HELMET, NO_HARNESS, NO_HARNESS, NO_HARNESS",CRITICAL
2026-02-06 18:40:41,CAM_VIDEO,"NO_HARNESS, NO_HARNESS, NO_HELMET, NO_HARNESS, NO_HARNESS, NO_HELMET, NO_HARNESS, NO_HARNESS, NO_HARNESS, NO_HARNESS, NO_HARNESS, NO_HARNESS, NO_HELMET, NO_HARNESS, NO_HARNESS, NO_HELMET, NO_HARNESS, NO_HARNESS, NO_HARNESS, NO_HELMET, NO_HARNESS, NO_HELMET, NO_HARNESS, NO_HARNESS, NO_HARNESS, NO_HARNESS",CRITICAL
2026-02-06 18:40:41,CAM_VIDEO,"NO_HARNESS, NO_HELMET, NO_HARNESS, NO_HARNESS, NO_HARNESS, NO_HARNESS, NO_HELMET, NO_HARNESS, NO_HARNESS, NO_HELMET, NO_HARNESS, NO_HARNESS, NO_HARNESS, NO_HARNESS, NO_HARNESS, NO_HELMET, NO_HARNESS, NO_HELMET, NO_HARNESS, NO_HELMET, NO_HARNESS, NO_HELMET, NO_HARNESS, NO_HELMET, NO_HARNESS, NO_HELMET, NO_HARNESS",CRITICAL
2026-02-06 18:40:41,CAM_VIDEO,"NO_HARNESS, NO_HARNESS, NO_HARNESS, NO_HELMET, NO_HARNESS, NO_HELMET, NO_HARNESS, NO_HARNESS, NO_HELMET, NO_HARNESS, NO_HARNESS, NO_HARNESS, NO_HELMET, NO_HARNESS, NO_HELMET, NO_HARNESS, NO_HELMET, NO_HARNESS, NO_HARNESS, NO_HARNESS, NO_HARNESS, NO_HARNESS",CRITICAL
2026-02-06 18:40:41,CAM_VIDEO,"NO_HARNESS, NO_HARNESS, NO_HELMET, NO_HARNESS, NO_HARNESS, NO_HELMET, NO_HARNESS, NO_HELMET, NO_HARNESS, NO_HARNESS, NO_HARNESS, NO_HARNESS, NO_HARNESS, NO_HELMET, NO_HARNESS, NO_HARNESS, NO_HARNESS, NO_HELMET, NO_HARNESS, NO_HARNESS, NO_HARNESS, NO_HARNESS, NO_HARNESS, NO_HARNESS, NO_HARNESS, NO_HARNESS, NO_HELMET, NO_HARNESS",CRITICAL
2026-02-06 18:40:41,CAM_VIDEO,"NO_HARNESS, NO_HARNESS, NO_HARNESS, NO_HELMET, NO_HARNESS, NO_HARNESS, NO_HARNESS, NO_HARNESS, NO_HARNESS, NO_HARNESS, NO_HELMET, NO_HARNESS, NO_HARNESS, NO_HELMET, NO_HARNESS, NO_HARNESS, NO_HARNESS, NO_HARNESS, NO_HELMET, NO_HARNESS, NO_HARNESS",CRITICAL
2026-02-06 18:40:42,CAM_VIDEO,"NO_HARNESS, NO_HELMET, NO_HARNESS, NO_HARNESS, NO_HARNESS, NO_HARNESS, NO_HARNESS, NO_HELMET, NO_HARNESS, NO_HELMET, NO_HARNESS, NO_HARNESS, NO_HARNESS, NO_HELMET, NO_HARNESS, NO_HARNESS, NO_HELMET, NO_HARNESS, NO_HELMET, NO_HARNESS, NO_HARNESS, NO_HARNESS, NO_HARNESS, NO_HELMET, NO_HARNESS, NO_HELMET, NO_HARNESS, NO_HARNESS, NO_HARNESS, NO_HARNESS, NO_HARNESS, NO_HELMET, NO_HARNESS, NO_HARNESS, NO_HARNESS, NO_HELMET, NO_HARNESS, NO_HELMET, NO_HARNESS, NO_HELMET, NO_HARNESS, NO_HARNESS, NO_HELMET, NO_HARNESS, NO_HELMET, NO_HARNESS, NO_HARNESS, NO_HELMET, NO_HARNESS",CRITICAL
2026-02-06 18:40:42,CAM_VIDEO,"NO_HELMET, NO_HARNESS, NO_HARNESS, NO_HELMET, NO_HARNESS, NO_HARNESS, NO_HELMET, NO_HARNESS, NO_HARNESS, NO_HARNESS, NO_HELMET, NO_HARNESS, NO_HARNESS, NO_HARNESS, NO_HARNESS, NO_HARNESS, NO_HARNESS, NO_HARNESS, NO_HARNESS, NO_HARNESS, NO_HELMET, NO_HARNESS, NO_HARNESS, NO_HELMET, NO_HARNESS, NO_HELMET, NO_HARNESS, NO_HELMET, NO_HARNESS, NO_HELMET, NO_HARNESS, NO_HELMET, NO_HARNESS",CRITICAL
2026-02-06 18:40:42,CAM_VIDEO,"NO_HARNESS, NO_HELMET, NO_HARNESS, NO_HARNESS, NO_HARNESS, NO_HARNESS, NO_HARNESS, NO_HELMET, NO_HARNESS, NO_HELMET, NO_HARNESS, NO_HELMET, NO_HARNESS, NO_HELMET, NO_HARNESS, NO_HELMET, NO_HARNESS, NO_HELMET, NO_HARNESS, NO_HARNESS, NO_HELMET, NO_HARNESS, NO_HELMET, NO_HARNESS",CRITICAL
2026-02-06 18:40:43,CAM_VIDEO,"NO_HELMET, NO_HARNESS, NO_HARNESS, NO_HARNESS, NO_HELMET, NO_HARNESS, NO_HELMET, NO_HARNESS, NO_HELMET, NO_HARNESS, NO_HARNESS, NO_HELMET, NO_HARNESS, NO_HELMET, NO_HARNESS, NO_HARNESS, NO_HARNESS, NO_HARNESS, NO_HELMET, NO_HARNESS, NO_HARNESS",CRITICAL
2026-02-06 18:40:43,CAM_VIDEO,"NO_HELMET, NO_HARNESS, NO_HARNESS, NO_HARNESS, NO_HARNESS, NO_HELMET, NO_HARNESS, NO_HELMET, NO_HARNESS, NO_HARNESS, NO_HARNESS, NO_HELMET, NO_HARNESS, NO_HELMET, NO_HARNESS, NO_HELMET, NO_HARNESS, NO_HARNESS, NO_HELMET, NO_HARNESS",CRITICAL
2026-02-06 18:40:43,CAM_VIDEO,"NO_HELMET, NO_HARNESS, NO_HARNESS, NO_HELMET, NO_HARNESS, NO_HELMET, NO_HARNESS, NO_HARNESS, NO_HELMET, NO_HARNESS, NO_HARNESS, NO_HARNESS, NO_HELMET, NO_HARNESS, NO_HELMET, NO_HARNESS, NO_HELMET, NO_HARNESS, NO_HARNESS",CRITICAL
2026-02-06 18:40:43,CAM_VIDEO,"NO_HARNESS, NO_HARNESS, NO_HELMET, NO_HARNESS, NO_HELMET, NO_HARNESS, NO_HARNESS, NO_HELMET, NO_HARNESS, NO_HELMET, NO_HARNESS, NO_HELMET, NO_HARNESS, NO_HELMET, NO_HARNESS, NO_HELMET, NO_HARNESS, NO_HARNESS, NO_HELMET, NO_HARNESS, NO_HARNESS, NO_HARNESS, NO_HELMET, NO_HARNESS, NO_HARNESS, NO_HARNESS, NO_HARNESS",CRITICAL
2026-02-06 18:40:44,CAM_VIDEO,"NO_HARNESS, NO_HARNESS, NO_HARNESS, NO_HELMET, NO_HARNESS, NO_HARNESS, NO_HARNESS, NO_HARNESS, NO_HELMET, NO_HARNESS, NO_HARNESS, NO_HARNESS, NO_HARNESS, NO_HARNESS, NO_HARNESS, NO_HELMET, NO_HARNESS, NO_HARNESS, NO_HARNESS, NO_HARNESS, NO_HARNESS, NO_HELMET, NO_HARNESS",CRITICAL
2026-02-06 18:40:44,CAM_VIDEO,"NO_HARNESS, NO_HARNESS, NO_HARNESS, NO_HARNESS, NO_HELMET, NO_HARNESS, NO_HARNESS, NO_HARNESS, NO_HARNESS, NO_HELMET, NO_HARNESS, NO_HARNESS, NO_HARNESS, NO_HARNESS, NO_HARNESS, NO_HARNESS, NO_HARNESS, NO_HARNESS, NO_HARNESS, NO_HARNESS, NO_HELMET, NO_HARNESS, NO_HARNESS, NO_HARNESS",CRITICAL
2026-02-06 18:40:44,CAM_VIDEO,"NO_HARNESS, NO_HARNESS, NO_HELMET, NO_HARNESS, NO_HARNESS, NO_HELMET, NO_HARNESS, NO_HARNESS, NO_HARNESS, NO_HARNESS, NO_HARNESS, NO_HARNESS, NO_HARNESS, NO_HARNESS, NO_HARNESS, NO_HARNESS, NO_HARNESS, NO_HARNESS, NO_HARNESS, NO_HELMET, NO_HARNESS, NO_HARNESS, NO_HARNESS",CRITICAL
2026-02-06 18:40:45,CAM_VIDEO,"NO_HARNESS, NO_HARNESS, NO_HARNESS, NO_HARNESS, NO_HELMET, NO_HARNESS, NO_HARNESS, NO_HELMET, NO_HARNESS, NO_HARNESS, NO_HARNESS, NO_HARNESS, NO_HARNESS, NO_HARNESS, NO_HELMET, NO_HARNESS, NO_HARNESS, NO_HARNESS, NO_HARNESS, NO_HARNESS, NO_HELMET, NO_HARNESS",CRITICAL
2026-02-06 18:40:45,CAM_VIDEO,"NO_HELMET, NO_HARNESS, NO_HARNESS, NO_HARNESS, NO_HARNESS, NO_HELMET, NO_HARNESS, NO_HARNESS, NO_HARNESS, NO_HARNESS, NO_HELMET, NO_HARNESS, NO_HELMET, NO_HARNESS, NO_HELMET, NO_HARNESS, NO_HARNESS",CRITICAL
2026-02-06 18:40:45,CAM_VIDEO,"NO_HARNESS, NO_HELMET, NO_HARNESS, NO_HELMET, NO_HARNESS, NO_HARNESS, NO_HARNESS, NO_HELMET, NO_HARNESS, NO_HELMET, NO_HARNESS, NO_HARNESS, NO_HARNESS, NO_HARNESS, NO_HELMET, NO_HARNESS",CRITICAL
2026-02-06 18:40:45,CAM_VIDEO,"NO_HARNESS, NO_HELMET, NO_HARNESS, NO_HELMET, NO_HARNESS, NO_HARNESS, NO_HARNESS, NO_HARNESS, NO_HARNESS, NO_HELMET, NO_HARNESS, NO_HARNESS, NO_HELMET, NO_HARNESS, NO_HARNESS, NO_HARNESS, NO_HARNESS",CRITICAL
2026-02-06 18:40:46,CAM_VIDEO,"NO_HELMET, NO_HARNESS, NO_HARNESS, NO_HELMET, NO_HARNESS, NO_HARNESS, NO_HARNESS, NO_HARNESS, NO_HELMET, NO_HARNESS, NO_HARNESS, NO_HARNESS, NO_HARNESS, NO_HELMET, NO_HARNESS, NO_HARNESS, NO_HELMET, NO_HARNESS, NO_HARNESS, NO_HARNESS",CRITICAL
2026-02-06 18:40:46,CAM_VIDEO,"NO_HARNESS, NO_HELMET, NO_HARNESS, NO_HARNESS, NO_HELMET, NO_HARNESS, NO_HARNESS, NO_HARNESS, NO_HARNESS, NO_HARNESS, NO_HELMET, NO_HARNESS, NO_HELMET, NO_HARNESS, NO_HARNESS, NO_HARNESS, NO_HARNESS, NO_HELMET, NO_HARNESS, NO_HELMET, NO_HARNESS, NO_HARNESS, NO_HELMET, NO_HARNESS, NO_HARNESS",CRITICAL
2026-02-06 18:40:46,CAM_VIDEO,"NO_HELMET, NO_HARNESS, NO_HELMET, NO_HARNESS, NO_HARNESS, NO_HARNESS, NO_HARNESS, NO_HARNESS, NO_HARNESS, NO_HARNESS, NO_HELMET, NO_HARNESS, NO_HELMET, NO_HARNESS, NO_HELMET, NO_HARNESS, NO_HARNESS, NO_HARNESS, NO_HELMET, NO_HARNESS, NO_HARNESS, NO_HARNESS, NO_HELMET, NO_HARNESS, NO_HELMET, NO_HARNESS, NO_HELMET, NO_HARNESS",CRITICAL
2026-02-06 18:40:46,CAM_VIDEO,"NO_HELMET, NO_HARNESS, NO_HELMET, NO_HARNESS, NO_HARNESS, NO_HELMET, NO_HARNESS, NO_HARNESS, NO_HELMET, NO_HARNESS, NO_HARNESS, NO_HARNESS, NO_HELMET, NO_HARNESS, NO_HARNESS, NO_HELMET, NO_HARNESS, NO_HARNESS, NO_HARNESS, NO_HARNESS, NO_HARNESS, NO_HELMET, NO_HARNESS, NO_HARNESS, NO_HELMET, NO_HARNESS, NO_HARNESS, NO_HARNESS, NO_HARNESS, NO_HARNESS, NO_HELMET, NO_HARNESS, NO_HARNESS, NO_HELMET, NO_HARNESS, NO_HARNESS, NO_HELMET, NO_HARNESS, NO_HELMET, NO_HARNESS, NO_HELMET, NO_HARNESS, NO_HARNESS",CRITICAL
2026-02-06 18:40:47,CAM_VIDEO,"NO_HELMET, NO_HARNESS, NO_HELMET, NO_HARNESS, NO_HARNESS, NO_HELMET, NO_HARNESS, NO_HELMET, NO_HARNESS, NO_HARNESS, NO_HARNESS, NO_HELMET, NO_HARNESS, NO_HARNESS, NO_HARNESS, NO_HELMET, NO_HARNESS, NO_HARNESS, NO_HARNESS, NO_HELMET, NO_HARNESS, NO_HARNESS, NO_HELMET, NO_HARNESS, NO_HARNESS, NO_HARNESS, NO_HELMET, NO_HARNESS, NO_HELMET, NO_HARNESS, NO_HELMET, NO_HARNESS, NO_HARNESS, NO_HARNESS",CRITICAL
2026-02-06 18:40:47,CAM_VIDEO,"NO_HARNESS, NO_HELMET, NO_HARNESS, NO_HELMET, NO_HARNESS, NO_HELMET, NO_HARNESS, NO_HARNESS, NO_HELMET, NO_HARNESS, NO_HARNESS, NO_HELMET, NO_HARNESS, NO_HELMET, NO_HARNESS, NO_HARNESS, NO_HARNESS, NO_HARNESS, NO_HELMET, NO_HARNESS, NO_HELMET, NO_HARNESS, NO_HARNESS, NO_HARNESS, NO_HARNESS, NO_HARNESS, NO_HELMET, NO_HARNESS, NO_HARNESS, NO_HELMET, NO_HARNESS, NO_HARNESS, NO_HARNESS, NO_HARNESS, NO_HARNESS, NO_HARNESS, NO_HARNESS, NO_HARNESS, NO_HARNESS",CRITICAL
2026-02-06 18:40:47,CAM_VIDEO,"NO_HELMET, NO_HARNESS, NO_HARNESS, NO_HELMET, NO_HARNESS, NO_HARNESS, NO_HELMET, NO_HARNESS, NO_HELMET, NO_HARNESS, NO_HARNESS, NO_HELMET, NO_HARNESS, NO_HELMET, NO_HARNESS, NO_HELMET, NO_HARNESS, NO_HARNESS, NO_HARNESS, NO_HARNESS, NO_HARNESS, NO_HARNESS, NO_HARNESS, NO_HELMET, NO_HARNESS, NO_HELMET, NO_HARNESS, NO_HARNESS, NO_HARNESS, NO_HARNESS, NO_HARNESS, NO_HELMET, NO_HARNESS, NO_HARNESS, NO_HARNESS, NO_HELMET, NO_HARNESS, NO_HELMET, NO_HARNESS, NO_HELMET, NO_HARNESS, NO_HARNESS, NO_HARNESS",CRITICAL
2026-02-06 18:40:47,CAM_VIDEO,"NO_HELMET, NO_HARNESS, NO_HARNESS, NO_HARNESS, NO_HARNESS, NO_HARNESS, NO_HARNESS, NO_HELMET, NO_HARNESS, NO_HELMET, NO_HARNESS, NO_HARNESS, NO_HARNESS, NO_HARNESS, NO_HARNESS, NO_HELMET, NO_HARNESS, NO_HARNESS, NO_HELMET, NO_HARNESS, NO_HELMET, NO_HARNESS, NO_HELMET, NO_HARNESS, NO_HELMET, NO_HARNESS, NO_HELMET, NO_HARNESS, NO_HELMET, NO_HARNESS, NO_HELMET, NO_HARNESS",CRITICAL
2026-02-06 18:40:48,CAM_VIDEO,"NO_HELMET, NO_HARNESS, NO_HARNESS, NO_HARNESS, NO_HARNESS, NO_HARNESS, NO_HARNESS, NO_HARNESS, NO_HARNESS, NO_HARNESS, NO_HELMET, NO_HARNESS, NO_HARNESS, NO_HARNESS, NO_HELMET, NO_HARNESS, NO_HELMET, NO_HARNESS, NO_HELMET, NO_HARNESS, NO_HELMET, NO_HARNESS, NO_HARNESS, NO_HARNESS, NO_HARNESS, NO_HELMET, NO_HARNESS, NO_HARNESS, NO_HARNESS, NO_HELMET, NO_HARNESS, NO_HARNESS, NO_HELMET, NO_HARNESS, NO_HELMET, NO_HARNESS",CRITICAL
2026-02-06 18:40:48,CAM_VIDEO,"NO_HELMET, NO_HARNESS, NO_HARNESS, NO_HARNESS, NO_HARNESS, NO_HARNESS, NO_HELMET, NO_HARNESS, NO_HARNESS, NO_HARNESS, NO_HARNESS, NO_HELMET, NO_HARNESS, NO_HARNESS, NO_HARNESS, NO_HELMET, NO_HARNESS, NO_HELMET, NO_HARNESS, NO_HARNESS, NO_HARNESS, NO_HARNESS, NO_HARNESS, NO_HELMET, NO_HARNESS, NO_HARNESS, NO_HARNESS, NO_HARNESS, NO_HARNESS, NO_HELMET, NO_HARNESS, NO_HELMET, NO_HARNESS, NO_HARNESS, NO_HELMET, NO_HARNESS, NO_HELMET, NO_HARNESS, NO_HARNESS, NO_HELMET, NO_HARNESS, NO_HELMET, NO_HARNESS, NO_HELMET, NO_HARNESS, NO_HELMET, NO_HARNESS, NO_HELMET, NO_HARNESS, NO_HELMET, NO_HARNESS, NO_HARNESS, NO_HARNESS, NO_HARNESS, NO_HARNESS, NO_HELMET, NO_HARNESS, NO_HARNESS, NO_HELMET, NO_HARNESS, NO_HARNESS, NO_HARNESS",CRITICAL
2026-02-06 18:40:48,CAM_VIDEO,"NO_HELMET, NO_HARNESS, NO_HARNESS, NO_HARNESS, NO_HARNESS, NO_HELMET, NO_HARNESS, NO_HARNESS, NO_HARNESS, NO_HARNESS, NO_HELMET, NO_HARNESS, NO_HELMET, NO_HARNESS, NO_HARNESS, NO_HARNESS, NO_HELMET, NO_HARNESS, NO_HARNESS, NO_HELMET, NO_HARNESS, NO_HELMET, NO_HARNESS, NO_HARNESS, NO_HELMET, NO_HARNESS, NO_HARNESS, NO_HELMET, NO_HARNESS, NO_HARNESS, NO_HELMET, NO_HARNESS, NO_HELMET, NO_HARNESS, NO_HELMET, NO_HARNESS, NO_HARNESS, NO_HARNESS, NO_HARNESS, NO_HARNESS, NO_HARNESS, NO_HELMET, NO_HARNESS, NO_HARNESS, NO_HELMET, NO_HARNESS, NO_HARNESS, NO_HELMET, NO_HARNESS, NO_HARNESS, NO_HELMET, NO_HARNESS, NO_HELMET, NO_HARNESS, NO_HARNESS, NO_HELMET, NO_HARNESS, NO_HARNESS, NO_HELMET, NO_HARNESS, NO_HARNESS, NO_HARNESS, NO_HELMET, NO_HARNESS, NO_HELMET, NO_HARNESS",CRITICAL
2026-02-06 18:40:49,CAM_VIDEO,"NO_HELMET, NO_HARNESS, NO_HARNESS, NO_HARNESS, NO_HARNESS, NO_HARNESS, NO_HARNESS, NO_HELMET, NO_HARNESS, NO_HELMET, NO_HARNESS, NO_HARNESS, NO_HELMET, NO_HARNESS, NO_HARNESS, NO_HARNESS, NO_HARNESS, NO_HELMET, NO_HARNESS, NO_HARNESS, NO_HELMET, NO_HARNESS, NO_HARNESS, NO_HARNESS, NO_HELMET, NO_HARNESS, NO_HARNESS, NO_HARNESS, NO_HARNESS, NO_HELMET, NO_HARNESS, NO_HARNESS, NO_HELMET, NO_HARNESS, NO_HARNESS, NO_HARNESS, NO_HARNESS, NO_HARNESS, NO_HARNESS, NO_HARNESS, NO_HELMET, NO_HARNESS, NO_HELMET, NO_HARNESS, NO_HARNESS, NO_HARNESS, NO_HARNESS, NO_HARNESS, NO_HARNESS, NO_HELMET, NO_HARNESS, NO_HELMET, NO_HARNESS, NO_HELMET, NO_HARNESS, NO_HARNESS, NO_HARNESS, NO_HARNESS, NO_HARNESS, NO_HELMET, NO_HARNESS",CRITICAL
2026-02-06 18:40:49,CAM_VIDEO,"NO_HELMET, NO_HARNESS, NO_HELMET, NO_HARNESS, NO_HELMET, NO_HARNESS, NO_HARNESS, NO_HELMET, NO_HARNESS, NO_HELMET, NO_HARNESS, NO_HARNESS, NO_HARNESS, NO_HARNESS, NO_HARNESS, NO_HARNESS, NO_HARNESS, NO_HELMET, NO_HARNESS, NO_HARNESS, NO_HELMET, NO_HARNESS, NO_HELMET, NO_HARNESS, NO_HARNESS, NO_HARNESS, NO_HARNESS, NO_HELMET, NO_HARNESS, NO_HELMET, NO_HARNESS, NO_HARNESS, NO_HARNESS, NO_HARNESS, NO_HARNESS, NO_HARNESS, NO_HARNESS, NO_HARNESS, NO_HARNESS, NO_HARNESS, NO_HARNESS, NO_HELMET, NO_HARNESS, NO_HELMET, NO_HARNESS, NO_HARNESS, NO_HARNESS, NO_HELMET, NO_HARNESS, NO_HELMET, NO_HARNESS, NO_HARNESS, NO_HELMET, NO_HARNESS, NO_HELMET, NO_HARNESS, NO_HELMET, NO_HARNESS, NO_HARNESS",CRITICAL
2026-02-06 18:40:49,CAM_VIDEO,"NO_HARNESS, NO_HARNESS, NO_HARNESS, NO_HARNESS, NO_HARNESS, NO_HARNESS, NO_HELMET, NO_HARNESS, NO_HELMET, NO_HARNESS, NO_HARNESS, NO_HARNESS, NO_HELMET, NO_HARNESS, NO_HELMET, NO_HARNESS, NO_HELMET, NO_HARNESS, NO_HARNESS, NO_HELMET, NO_HARNESS, NO_HELMET, NO_HARNESS, NO_HARNESS, NO_HELMET, NO_HARNESS, NO_HELMET, NO_HARNESS, NO_HARNESS, NO_HELMET, NO_HARNESS, NO_HARNESS, NO_HARNESS, NO_HARNESS, NO_HELMET, NO_HARNESS, NO_HARNESS, NO_HARNESS, NO_HARNESS, NO_HARNESS, NO_HARNESS, NO_HARNESS, NO_HARNESS, NO_HARNESS, NO_HELMET, NO_HARNESS, NO_HELMET, NO_HARNESS, NO_HARNESS, NO_HELMET, NO_HARNESS, NO_HARNESS, NO_HARNESS, NO_HELMET, NO_HARNESS, NO_HARNESS, NO_HELMET, NO_HARNESS, NO_HELMET, NO_HARNESS, NO_HELMET, NO_HARNESS, NO_HARNESS, NO_HELMET, NO_HARNESS, NO_HELMET, NO_HARNESS, NO_HELMET, NO_HARNESS, NO_HARNESS, NO_HARNESS, NO_HELMET, NO_HARNESS, NO_HELMET, NO_HARNESS, NO_HELMET, NO_HARNESS, NO_HELMET, NO_HARNESS, NO_HELMET, NO_HARNESS, NO_HARNESS, NO_HELMET, NO_HARNESS, NO_HARNESS",CRITICAL
2026-02-06 18:40:50,CAM_VIDEO,"NO_HELMET, NO_HARNESS, NO_HARNESS, NO_HELMET, NO_HARNESS, NO_HELMET, NO_HARNESS, NO_HARNESS, NO_HARNESS, NO_HARNESS, NO_HARNESS, NO_HARNESS, NO_HELMET, NO_HARNESS, NO_HELMET, NO_HARNESS, NO_HELMET, NO_HARNESS, NO_HARNESS, NO_HELMET, NO_HARNESS, NO_HARNESS, NO_HARNESS, NO_HARNESS, NO_HARNESS, NO_HELMET, NO_HARNESS, NO_HELMET, NO_HARNESS, NO_HARNESS, NO_HARNESS, NO_HELMET, NO_HARNESS, NO_HELMET, NO_HARNESS, NO_HARNESS, NO_HARNESS, NO_HARNESS, NO_HARNESS, NO_HARNESS, NO_HARNESS, NO_HARNESS, NO_HARNESS, NO_HELMET, NO_HARNESS, NO_HELMET, NO_HARNESS, NO_HARNESS, NO_HARNESS, NO_HELMET, NO_HARNESS, NO_HELMET, NO_HARNESS, NO_HARNESS, NO_HELMET, NO_HARNESS, NO_HARNESS, NO_HELMET, NO_HARNESS, NO_HARNESS, NO_HELMET, NO_HARNESS, NO_HELMET, NO_HARNESS, NO_HARNESS, NO_HELMET, NO_HARNESS, NO_HARNESS, NO_HARNESS, NO_HARNESS, NO_HELMET, NO_HARNESS, NO_HARNESS, NO_HARNESS, NO_HARNESS, NO_HELMET, NO_HARNESS, NO_HELMET, NO_HARNESS, NO_HARNESS, NO_HARNESS, NO_HELMET, NO_HARNESS, NO_HELMET, NO_HARNESS, NO_HELMET, NO_HARNESS, NO_HARNESS, NO_HARNESS, NO_HELMET, NO_HARNESS, NO_HARNESS, NO_HARNESS, NO_HELMET, NO_HARNESS",CRITICAL
2026-02-06 18:40:50,CAM_VIDEO,"NO_HARNESS, NO_HARNESS, NO_HELMET, NO_HARNESS, NO_HARNESS, NO_HARNESS, NO_HARNESS, NO_HELMET, NO_HARNESS, NO_HARNESS, NO_HARNESS, NO_HELMET, NO_HARNESS, NO_HELMET, NO_HARNESS, NO_HARNESS, NO_HELMET, NO_HARNESS, NO_HELMET, NO_HARNESS, NO_HARNESS, NO_HARNESS, NO_HELMET, NO_HARNESS, NO_HARNESS, NO_HARNESS, NO_HARNESS, NO_HELMET, NO_HARNESS, NO_HELMET, NO_HARNESS, NO_HARNESS, NO_HARNESS, NO_HARNESS, NO_HARNESS, NO_HARNESS, NO_HELMET, NO_HARNESS, NO_HARNESS, NO_HARNESS, NO_HELMET, NO_HARNESS, NO_HARNESS, NO_HARNESS, NO_HELMET, NO_HARNESS, NO_HELMET, NO_HELMET, NO_HARNESS, NO_HELMET, NO_HARNESS, NO_HARNESS, NO_HARNESS, NO_HELMET, NO_HARNESS, NO_HARNESS, NO_HARNESS, NO_HARNESS, NO_HARNESS, NO_HARNESS, NO_HELMET, NO_HARNESS, NO_HELMET, NO_HARNESS, NO_HARNESS, NO_HELMET, NO_HARNESS, NO_HARNESS, NO_HARNESS, NO_HARNESS, NO_HELMET, NO_HARNESS, NO_HELMET, NO_HARNESS, NO_HARNESS, NO_HARNESS, NO_HARNESS, NO_HELMET, NO_HARNESS, NO_HELMET, NO_HARNESS, NO_HARNESS, NO_HELMET, NO_HARNESS, NO_HARNESS",CRITICAL
2026-02-06 18:40:50,CAM_VIDEO,"NO_HELMET, NO_HARNESS, NO_HELMET, NO_HARNESS, NO_HARNESS, NO_HELMET, NO_HARNESS, NO_HELMET, NO_HARNESS, NO_HARNESS, NO_HELMET, NO_HARNESS, NO_HARNESS, NO_HARNESS, NO_HELMET, NO_HARNESS, NO_HELMET, NO_HARNESS, NO_HARNESS, NO_HARNESS, NO_HARNESS, NO_HARNESS, NO_HARNESS, NO_HELMET, NO_HARNESS, NO_HARNESS, NO_HARNESS, NO_HARNESS, NO_HARNESS, NO_HARNESS, NO_HELMET, NO_HARNESS, NO_HELMET, NO_HARNESS, NO_HARNESS, NO_HARNESS, NO_HARNESS, NO_HELMET, NO_HARNESS, NO_HARNESS, NO_HARNESS, NO_HARNESS, NO_HELMET, NO_HARNESS, NO_HARNESS, NO_HARNESS, NO_HARNESS, NO_HELMET, NO_HARNESS",CRITICAL
2026-02-06 18:40:50,CAM_VIDEO,"NO_HARNESS, NO_HARNESS, NO_HELMET, NO_HARNESS, NO_HARNESS, NO_HARNESS, NO_HARNESS, NO_HELMET, NO_HARNESS, NO_HELMET, NO_HARNESS, NO_HARNESS, NO_HARNESS, NO_HARNESS, NO_HELMET, NO_HARNESS, NO_HARNESS, NO_HARNESS, NO_HARNESS, NO_HARNESS, NO_HARNESS, NO_HARNESS, NO_HELMET, NO_HARNESS, NO_HELMET, NO_HARNESS, NO_HARNESS, NO_HELMET, NO_HARNESS, NO_HARNESS, NO_HARNESS, NO_HARNESS, NO_HELMET, NO_HARNESS, NO_HARNESS, NO_HELMET, NO_HARNESS, NO_HELMET, NO_HARNESS, NO_HELMET, NO_HARNESS, NO_HELMET, NO_HARNESS, NO_HARNESS, NO_HARNESS, NO_HELMET, NO_HARNESS, NO_HARNESS, NO_HELMET, NO_HARNESS, NO_HARNESS, NO_HELMET, NO_HARNESS, NO_HARNESS, NO_HARNESS, NO_HARNESS, NO_HELMET, NO_HARNESS, NO_HELMET, NO_HARNESS, NO_HARNESS",CRITICAL
2026-02-06 18:40:51,CAM_VIDEO,"NO_HARNESS, NO_HARNESS, NO_HELMET, NO_HARNESS, NO_HELMET, NO_HARNESS, NO_HARNESS, NO_HARNESS, NO_HELMET, NO_HARNESS, NO_HARNESS, NO_HELMET, NO_HARNESS, NO_HARNESS, NO_HARNESS, NO_HELMET, NO_HARNESS, NO_HELMET, NO_HARNESS, NO_HARNESS, NO_HARNESS, NO_HELMET, NO_HARNESS, NO_HARNESS, NO_HELMET, NO_HARNESS, NO_HELMET, NO_HARNESS, NO_HARNESS, NO_HARNESS, NO_HELMET, NO_HARNESS, NO_HARNESS, NO_HELMET, NO_HARNESS, NO_HARNESS, NO_HARNESS, NO_HARNESS, NO_HELMET, NO_HARNESS, NO_HARNESS, NO_HELMET, NO_HARNESS, NO_HELMET, NO_HARNESS, NO_HARNESS, NO_HELMET, NO_HARNESS, NO_HARNESS",CRITICAL
2026-02-06 18:40:51,CAM_VIDEO,"NO_HARNESS, NO_HELMET, NO_HARNESS, NO_HARNESS, NO_HARNESS, NO_HARNESS, NO_HARNESS, NO_HELMET, NO_HARNESS, NO_HELMET, NO_HARNESS, NO_HELMET, NO_HARNESS, NO_HELMET, NO_HARNESS, NO_HARNESS, NO_HELMET, NO_HARNESS, NO_HARNESS, NO_HELMET, NO_HARNESS, NO_HARNESS, NO_HARNESS, NO_HARNESS, NO_HELMET, NO_HARNESS, NO_HARNESS, NO_HARNESS, NO_HARNESS, NO_HARNESS, NO_HELMET, NO_HARNESS, NO_HARNESS, NO_HARNESS, NO_HARNESS, NO_HELMET, NO_HARNESS, NO_HARNESS, NO_HARNESS, NO_HARNESS, NO_HELMET, NO_HARNESS, NO_HELMET, NO_HARNESS, NO_HELMET, NO_HARNESS, NO_HELMET, NO_HARNESS, NO_HELMET, NO_HARNESS, NO_HARNESS, NO_HARNESS, NO_HELMET, NO_HARNESS, NO_HARNESS, NO_HARNESS, NO_HARNESS",CRITICAL
2026-02-06 18:40:51,CAM_VIDEO,"NO_HELMET, NO_HARNESS, NO_HARNESS, NO_HELMET, NO_HARNESS, NO_HELMET, NO_HARNESS, NO_HARNESS, NO_HARNESS, NO_HARNESS, NO_HELMET, NO_HARNESS, NO_HARNESS, NO_HARNESS, NO_HELMET, NO_HARNESS, NO_HARNESS, NO_HELMET, NO_HARNESS, NO_HARNESS, NO_HARNESS, NO_HELMET, NO_HARNESS, NO_HARNESS, NO_HELMET, NO_HARNESS, NO_HELMET, NO_HARNESS, NO_HARNESS, NO_HARNESS, NO_HELMET, NO_HARNESS, NO_HELMET, NO_HARNESS, NO_HELMET, NO_HARNESS, NO_HARNESS, NO_HELMET, NO_HARNESS, NO_HELMET, NO_HARNESS, NO_HARNESS, NO_HARNESS, NO_HELMET, NO_HARNESS, NO_HARNESS, NO_HELMET, NO_HARNESS, NO_HARNESS, NO_HARNESS, NO_HARNESS, NO_HARNESS, NO_HELMET, NO_HARNESS, NO_HELMET, NO_HARNESS, NO_HELMET, NO_HARNESS, NO_HARNESS, NO_HARNESS, NO_HARNESS, NO_HARNESS, NO_HELMET, NO_HARNESS, NO_HELMET, NO_HARNESS, NO_HARNESS, NO_HARNESS",CRITICAL
2026-02-06 18:40:52,CAM_VIDEO,"NO_HARNESS, NO_HELMET, NO_HARNESS, NO_HARNESS, NO_HARNESS, NO_HARNESS, NO_HELMET, NO_HARNESS, NO_HARNESS, NO_HARNESS, NO_HELMET, NO_HARNESS, NO_HARNESS, NO_HARNESS, NO_HELMET, NO_HARNESS, NO_HARNESS, NO_HARNESS, NO_HELMET, NO_HARNESS, NO_HELMET, NO_HARNESS, NO_HELMET, NO_HARNESS, NO_HELMET, NO_HARNESS, NO_HELMET, NO_HARNESS, NO_HARNESS, NO_HARNESS, NO_HARNESS, NO_HARNESS, NO_HARNESS, NO_HARNESS, NO_HARNESS, NO_HARNESS, NO_HELMET, NO_HARNESS, NO_HELMET, NO_HARNESS, NO_HELMET, NO_HARNESS, NO_HARNESS, NO_HELMET, NO_HARNESS, NO_HARNESS, NO_HARNESS, NO_HARNESS",CRITICAL
2026-02-06 18:40:52,CAM_VIDEO,"NO_HARNESS, NO_HELMET, NO_HARNESS, NO_HARNESS, NO_HARNESS, NO_HARNESS, NO_HARNESS, NO_HARNESS, NO_HELMET, NO_HARNESS, NO_HARNESS, NO_HARNESS, NO_HARNESS, NO_HELMET, NO_HARNESS, NO_HARNESS, NO_HARNESS, NO_HARNESS, NO_HELMET, NO_HARNESS, NO_HELMET, NO_HARNESS, NO_HELMET, NO_HARNESS, NO_HARNESS, NO_HELMET, NO_HARNESS, NO_HELMET, NO_HARNESS, NO_HARNESS, NO_HARNESS, NO_HARNESS, NO_HELMET, NO_HARNESS, NO_HARNESS, NO_HELMET, NO_HARNESS, NO_HARNESS, NO_HELMET, NO_HARNESS, NO_HARNESS, NO_HELMET, NO_HARNESS, NO_HARNESS, NO_HARNESS, NO_HELMET, NO_HARNESS, NO_HELMET, NO_HARNESS, NO_HELMET, NO_HARNESS, NO_HARNESS",CRITICAL
2026-02-06 18:40:52,CAM_VIDEO,"NO_HARNESS, NO_HELMET, NO_HARNESS, NO_HARNESS, NO_HARNESS, NO_HARNESS, NO_HARNESS, NO_HARNESS, NO_HARNESS, NO_HARNESS, NO_HARNESS, NO_HELMET, NO_HARNESS, NO_HELMET, NO_HARNESS, NO_HELMET, NO_HARNESS, NO_HELMET, NO_HARNESS, NO_HARNESS, NO_HELMET, NO_HARNESS, NO_HELMET, NO_HARNESS, NO_HARNESS, NO_HELMET, NO_HARNESS, NO_HARNESS, NO_HARNESS, NO_HELMET, NO_HARNESS, NO_HARNESS, NO_HARNESS, NO_HARNESS, NO_HELMET, NO_HARNESS, NO_HARNESS, NO_HELMET, NO_HARNESS, NO_HELMET, NO_HARNESS, NO_HARNESS, NO_HELMET, NO_HARNESS, NO_HARNESS, NO_HELMET, NO_HARNESS, NO_HARNESS, NO_HARNESS, NO_HARNESS, NO_HARNESS, NO_HELMET, NO_HARNESS, NO_HARNESS, NO_HARNESS, NO_HELMET, NO_HARNESS, NO_HELMET, NO_HARNESS, NO_HARNESS, NO_HELMET, NO_HARNESS, NO_HELMET, NO_HARNESS, NO_HELMET, NO_HARNESS, NO_HARNESS, NO_HELMET, NO_HARNESS, NO_HARNESS, NO_HARNESS, NO_HARNESS, NO_HARNESS, NO_HARNESS, NO_HELMET, NO_HARNESS, NO_HARNESS, NO_HARNESS",CRITICAL
2026-02-06 18:40:53,CAM_VIDEO,"NO_HARNESS, NO_HARNESS, NO_HELMET, NO_HARNESS, NO_HELMET, NO_HARNESS, NO_HARNESS, NO_HARNESS, NO_HARNESS, NO_HARNESS, NO_HARNESS, NO_HELMET, NO_HARNESS, NO_HELMET, NO_HARNESS, NO_HARNESS, NO_HARNESS, NO_HELMET, NO_HARNESS, NO_HELMET, NO_HARNESS, NO_HELMET, NO_HARNESS, NO_HARNESS, NO_HELMET, NO_HARNESS, NO_HELMET, NO_HARNESS, NO_HARNESS, NO_HARNESS, NO_HARNESS, NO_HELMET, NO_HARNESS, NO_HELMET, NO_HARNESS, NO_HARNESS, NO_HARNESS, NO_HARNESS, NO_HARNESS, NO_HARNESS, NO_HARNESS, NO_HELMET, NO_HARNESS, NO_HARNESS, NO_HARNESS, NO_HELMET, NO_HARNESS, NO_HARNESS, NO_HARNESS, NO_HELMET, NO_HARNESS, NO_HELMET, NO_HARNESS, NO_HARNESS, NO_HELMET, NO_HARNESS, NO_HELMET, NO_HARNESS, NO_HELMET, NO_HARNESS, NO_HARNESS, NO_HELMET, NO_HARNESS, NO_HARNESS",CRITICAL
2026-02-06 18:40:53,CAM_VIDEO,"NO_HARNESS, NO_HELMET, NO_HARNESS, NO_HARNESS, NO_HELMET, NO_HARNESS, NO_HARNESS, NO_HELMET, NO_HARNESS, NO_HARNESS, NO_HARNESS, NO_HARNESS, NO_HELMET, NO_HARNESS, NO_HARNESS, NO_HELMET, NO_HARNESS, NO_HARNESS, NO_HELMET, NO_HARNESS, NO_HARNESS, NO_HARNESS, NO_HARNESS, NO_HARNESS, NO_HARNESS, NO_HARNESS, NO_HARNESS, NO_HARNESS, NO_HARNESS, NO_HARNESS, NO_HELMET, NO_HARNESS, NO_HARNESS, NO_HARNESS, NO_HELMET, NO_HARNESS, NO_HARNESS, NO_HARNESS, NO_HARNESS, NO_HELMET, NO_HARNESS, NO_HARNESS, NO_HELMET, NO_HARNESS, NO_HARNESS, NO_HARNESS, NO_HARNESS, NO_HARNESS, NO_HARNESS, NO_HARNESS, NO_HARNESS, NO_HELMET, NO_HARNESS, NO_HELMET, NO_HARNESS, NO_HARNESS, NO_HELMET, NO_HARNESS, NO_HARNESS, NO_HARNESS, NO_HARNESS, NO_HARNESS, NO_HARNESS, NO_HARNESS, NO_HARNESS, NO_HELMET, NO_HARNESS, NO_HELMET, NO_HARNESS",CRITICAL
2026-02-06 18:40:53,CAM_VIDEO,"NO_HARNESS, NO_HELMET, NO_HARNESS, NO_HELMET, NO_HARNESS, NO_HARNESS, NO_HARNESS, NO_HELMET, NO_HARNESS, NO_HARNESS, NO_HARNESS, NO_HELMET, NO_HARNESS, NO_HARNESS, NO_HARNESS, NO_HARNESS, NO_HARNESS, NO_HARNESS, NO_HELMET, NO_HARNESS, NO_HARNESS, NO_HARNESS, NO_HARNESS, NO_HARNESS, NO_HARNESS, NO_HELMET, NO_HARNESS, NO_HELMET, NO_HARNESS, NO_HARNESS, NO_HARNESS, NO_HARNESS, NO_HARNESS, NO_HARNESS, NO_HARNESS, NO_HARNESS, NO_HARNESS, NO_HARNESS, NO_HELMET, NO_HARNESS, NO_HARNESS, NO_HARNESS, NO_HARNESS, NO_HARNESS, NO_HARNESS, NO_HARNESS, NO_HELMET, NO_HARNESS, NO_HARNESS, NO_HARNESS, NO_HELMET, NO_HARNESS, NO_HARNESS, NO_HARNESS, NO_HARNESS, NO_HARNESS, NO_HARNESS, NO_HELMET, NO_HARNESS, NO_HELMET, NO_HARNESS, NO_HELMET, NO_HARNESS, NO_HELMET, NO_HARNESS, NO_HELMET, NO_HARNESS, NO_HELMET, NO_HARNESS, NO_HARNESS, NO_HELMET, NO_HARNESS, NO_HARNESS, NO_HARNESS, NO_HARNESS",CRITICAL
2026-02-06 18:40:53,CAM_VIDEO,"NO_HARNESS, NO_HELMET, NO_HARNESS, NO_HELMET, NO_HARNESS, NO_HARNESS, NO_HARNESS, NO_HARNESS, NO_HARNESS, NO_HARNESS, NO_HELMET, NO_HARNESS, NO_HARNESS, NO_HARNESS, NO_HELMET, NO_HARNESS, NO_HARNESS, NO_HARNESS, NO_HARNESS, NO_HARNESS, NO_HARNESS, NO_HELMET, NO_HARNESS, NO_HARNESS, NO_HELMET, NO_HARNESS, NO_HARNESS, NO_HELMET, NO_HARNESS, NO_HARNESS, NO_HELMET, NO_HARNESS, NO_HARNESS, NO_HARNESS, NO_HARNESS, NO_HELMET, NO_HARNESS, NO_HARNESS, NO_HARNESS, NO_HARNESS, NO_HARNESS, NO_HARNESS, NO_HARNESS, NO_HARNESS, NO_HELMET, NO_HARNESS, NO_HARNESS, NO_HARNESS, NO_HARNESS, NO_HARNESS, NO_HELMET, NO_HARNESS, NO_HARNESS, NO_HARNESS, NO_HARNESS, NO_HELMET, NO_HARNESS, NO_HARNESS, NO_HARNESS, NO_HELMET, NO_HARNESS, NO_HARNESS, NO_HELMET, NO_HARNESS, NO_HARNESS, NO_HELMET, NO_HARNESS, NO_HARNESS",CRITICAL
2026-02-06 18:40:54,CAM_VIDEO,"NO_HARNESS, NO_HELMET, NO_HARNESS, NO_HELMET, NO_HARNESS, NO_HARNESS, NO_HARNESS, NO_HARNESS, NO_HELMET, NO_HARNESS, NO_HARNESS, NO_HARNESS, NO_HARNESS, NO_HARNESS, NO_HARNESS, NO_HARNESS, NO_HARNESS, NO_HELMET, NO_HARNESS, NO_HARNESS, NO_HARNESS, NO_HELMET, NO_HARNESS, NO_HELMET, NO_HARNESS, NO_HARNESS, NO_HELMET, NO_HARNESS, NO_HARNESS, NO_HELMET, NO_HARNESS, NO_HARNESS, NO_HARNESS, NO_HELMET, NO_HARNESS, NO_HARNESS, NO_HARNESS, NO_HARNESS, NO_HARNESS, NO_HARNESS, NO_HARNESS, NO_HARNESS, NO_HARNESS, NO_HARNESS, NO_HELMET, NO_HARNESS, NO_HARNESS, NO_HARNESS, NO_HELMET, NO_HARNESS, NO_HARNESS, NO_HELMET, NO_HARNESS, NO_HARNESS, NO_HELMET, NO_HARNESS, NO_HELMET, NO_HARNESS, NO_HARNESS, NO_HELMET, NO_HARNESS, NO_HELMET, NO_HARNESS, NO_HELMET, NO_HARNESS, NO_HARNESS, NO_HELMET, NO_HARNESS, NO_HARNESS",CRITICAL
2026-02-06 18:40:54,CAM_VIDEO,"NO_HARNESS, NO_HARNESS, NO_HELMET, NO_HARNESS, NO_HARNESS, NO_HELMET, NO_HARNESS, NO_HELMET, NO_HARNESS, NO_HELMET, NO_HARNESS, NO_HARNESS, NO_HELMET, NO_HARNESS, NO_HARNESS, NO_HARNESS, NO_HARNESS, NO_HELMET, NO_HARNESS, NO_HARNESS, NO_HELMET, NO_HARNESS, NO_HELMET, NO_HARNESS, NO_HELMET, NO_HARNESS, NO_HARNESS, NO_HARNESS, NO_HARNESS, NO_HARNESS, NO_HARNESS, NO_HARNESS, NO_HARNESS, NO_HARNESS, NO_HARNESS, NO_HELMET, NO_HARNESS, NO_HARNESS, NO_HARNESS, NO_HELMET, NO_HARNESS, NO_HELMET, NO_HARNESS, NO_HARNESS, NO_HARNESS, NO_HARNESS, NO_HARNESS, NO_HELMET, NO_HARNESS, NO_HARNESS, NO_HARNESS, NO_HELMET, NO_HARNESS, NO_HARNESS, NO_HARNESS, NO_HELMET, NO_HARNESS, NO_HARNESS, NO_HARNESS, NO_HELMET, NO_HARNESS, NO_HARNESS, NO_HARNESS, NO_HELMET, NO_HARNESS, NO_HARNESS, NO_HELMET, NO_HARNESS, NO_HARNESS, NO_HARNESS",CRITICAL
2026-02-06 18:40:54,CAM_VIDEO,"NO_HARNESS, NO_HELMET, NO_HARNESS, NO_HELMET, NO_HARNESS, NO_HARNESS, NO_HELMET, NO_HARNESS, NO_HELMET, NO_HARNESS, NO_HARNESS, NO_HARNESS, NO_HELMET, NO_HARNESS, NO_HELMET, NO_HARNESS, NO_HARNESS, NO_HARNESS, NO_HELMET, NO_HARNESS, NO_HARNESS, NO_HELMET, NO_HARNESS, NO_HARNESS, NO_HELMET, NO_HARNESS, NO_HARNESS, NO_HARNESS, NO_HARNESS, NO_HARNESS, NO_HARNESS, NO_HARNESS, NO_HARNESS, NO_HARNESS, NO_HARNESS, NO_HELMET, NO_HARNESS, NO_HELMET, NO_HARNESS, NO_HARNESS, NO_HARNESS, NO_HARNESS, NO_HARNESS, NO_HARNESS, NO_HARNESS, NO_HARNESS, NO_HARNESS, NO_HELMET, NO_HARNESS, NO_HARNESS, NO_HARNESS, NO_HELMET, NO_HARNESS, NO_HARNESS, NO_HARNESS, NO_HELMET, NO_HARNESS, NO_HARNESS, NO_HARNESS, NO_HARNESS, NO_HARNESS, NO_HARNESS, NO_HARNESS, NO_HARNESS, NO_HARNESS, NO_HARNESS, NO_HARNESS, NO_HELMET, NO_HARNESS, NO_HARNESS, NO_HARNESS",CRITICAL
2026-02-06 18:40:54,CAM_VIDEO,"NO_HARNESS, NO_HELMET, NO_HARNESS, NO_HELMET, NO_HARNESS, NO_HELMET, NO_HARNESS, NO_HARNESS, NO_HARNESS, NO_HARNESS, NO_HELMET, NO_HARNESS, NO_HARNESS, NO_HELMET, NO_HARNESS, NO_HARNESS, NO_HELMET, NO_HARNESS, NO_HELMET, NO_HARNESS, NO_HELMET, NO_HARNESS, NO_HARNESS, NO_HARNESS, NO_HARNESS, NO_HARNESS, NO_HARNESS, NO_HARNESS, NO_HARNESS, NO_HARNESS, NO_HARNESS, NO_HARNESS, NO_HARNESS, NO_HARNESS, NO_HARNESS, NO_HARNESS, NO_HELMET, NO_HARNESS, NO_HARNESS, NO_HELMET, NO_HARNESS, NO_HARNESS, NO_HELMET, NO_HARNESS, NO_HELMET, NO_HARNESS, NO_HARNESS, NO_HARNESS, NO_HARNESS, NO_HARNESS, NO_HARNESS, NO_HELMET, NO_HARNESS, NO_HARNESS, NO_HELMET, NO_HARNESS, NO_HARNESS, NO_HARNESS, NO_HARNESS, NO_HARNESS, NO_HELMET, NO_HARNESS, NO_HARNESS, NO_HARNESS, NO_HELMET, NO_HARNESS, NO_HARNESS, NO_HELMET, NO_HARNESS, NO_HARNESS, NO_HARNESS, NO_HARNESS, NO_HARNESS, NO_HARNESS, NO_HARNESS, NO_HELMET, NO_HARNESS, NO_HELMET, NO_HARNESS",CRITICAL
2026-02-06 18:40:55,CAM_VIDEO,"NO_HELMET, NO_HARNESS, NO_HARNESS, NO_HARNESS, NO_HELMET, NO_HARNESS, NO_HELMET, NO_HARNESS, NO_HARNESS, NO_HARNESS, NO_HARNESS, NO_HELMET, NO_HARNESS, NO_HARNESS, NO_HELMET, NO_HARNESS, NO_HARNESS, NO_HARNESS, NO_HELMET, NO_HARNESS, NO_HELMET, NO_HARNESS, NO_HELMET, NO_HARNESS, NO_HARNESS, NO_HARNESS, NO_HARNESS, NO_HARNESS, NO_HARNESS, NO_HARNESS, NO_HARNESS, NO_HARNESS, NO_HARNESS, NO_HELMET, NO_HARNESS, NO_HARNESS, NO_HARNESS, NO_HARNESS, NO_HELMET, NO_HARNESS, NO_HARNESS, NO_HARNESS, NO_HARNESS, NO_HELMET, NO_HARNESS, NO_HARNESS, NO_HARNESS, NO_HARNESS, NO_HARNESS, NO_HELMET, NO_HARNESS, NO_HARNESS, NO_HARNESS, NO_HARNESS, NO_HARNESS, NO_HARNESS, NO_HELMET, NO_HARNESS, NO_HELMET, NO_HARNESS, NO_HELMET, NO_HARNESS, NO_HARNESS, NO_HARNESS, NO_HELMET, NO_HARNESS, NO_HELMET, NO_HARNESS, NO_HELMET, NO_HARNESS, NO_HELMET, NO_HARNESS, NO_HARNESS, NO_HARNESS, NO_HARNESS, NO_HELMET, NO_HARNESS, NO_HARNESS, NO_HARNESS, NO_HARNESS, NO_HELMET, NO_HARNESS, NO_HELMET, NO_HARNESS, NO_HARNESS",CRITICAL
2026-02-06 18:40:55,CAM_VIDEO,"NO_HELMET, NO_HARNESS, NO_HARNESS, NO_HELMET, NO_HARNESS, NO_HELMET, NO_HARNESS, NO_HARNESS, NO_HARNESS, NO_HARNESS, NO_HARNESS, NO_HELMET, NO_HARNESS, NO_HARNESS, NO_HELMET, NO_HARNESS, NO_HELMET, NO_HARNESS, NO_HARNESS, NO_HARNESS, NO_HELMET, NO_HARNESS, NO_HARNESS, NO_HARNESS, NO_HELMET, NO_HARNESS, NO_HARNESS, NO_HARNESS, NO_HARNESS, NO_HELMET, NO_HARNESS, NO_HARNESS, NO_HARNESS, NO_HARNESS, NO_HELMET, NO_HARNESS, NO_HELMET, NO_HARNESS, NO_HARNESS, NO_HARNESS, NO_HARNESS, NO_HELMET, NO_HARNESS, NO_HARNESS, NO_HARNESS, NO_HARNESS, NO_HELMET, NO_HARNESS, NO_HARNESS, NO_HELMET, NO_HARNESS, NO_HELMET, NO_HARNESS, NO_HELMET, NO_HELMET, NO_HARNESS, NO_HARNESS, NO_HARNESS, NO_HARNESS, NO_HELMET, NO_HARNESS, NO_HARNESS, NO_HARNESS, NO_HARNESS, NO_HARNESS, NO_HARNESS, NO_HARNESS, NO_HARNESS, NO_HARNESS, NO_HARNESS, NO_HELMET, NO_HARNESS, NO_HARNESS, NO_HARNESS, NO_HARNESS, NO_HELMET, NO_HARNESS, NO_HARNESS",CRITICAL
2026-02-06 18:40:55,CAM_VIDEO,"NO_HELMET, NO_HARNESS, NO_HARNESS, NO_HELMET, NO_HARNESS, NO_HARNESS, NO_HELMET, NO_HARNESS, NO_HARNESS, NO_HELMET, NO_HARNESS, NO_HARNESS, NO_HARNESS, NO_HELMET, NO_HARNESS, NO_HELMET, NO_HARNESS, NO_HARNESS, NO_HELMET, NO_HARNESS, NO_HARNESS, NO_HELMET, NO_HARNESS, NO_HARNESS, NO_HARNESS, NO_HARNESS, NO_HELMET, NO_HARNESS, NO_HARNESS, NO_HELMET, NO_HARNESS, NO_HARNESS, NO_HARNESS, NO_HARNESS, NO_HARNESS, NO_HARNESS, NO_HARNESS, NO_HARNESS, NO_HARNESS, NO_HELMET, NO_HARNESS, NO_HARNESS, NO_HARNESS, NO_HARNESS, NO_HELMET, NO_HARNESS, NO_HARNESS, NO_HARNESS, NO_HELMET, NO_HARNESS, NO_HARNESS, NO_HARNESS, NO_HELMET, NO_HARNESS, NO_HARNESS, NO_HELMET, NO_HARNESS, NO_HARNESS, NO_HELMET, NO_HARNESS, NO_HARNESS, NO_HARNESS, NO_HARNESS",CRITICAL
2026-02-06 18:40:56,CAM_VIDEO,"NO_HELMET, NO_HARNESS, NO_HARNESS, NO_HELMET, NO_HARNESS, NO_HELMET, NO_HARNESS, NO_HARNESS, NO_HARNESS, NO_HARNESS, NO_HARNESS, NO_HELMET, NO_HARNESS, NO_HELMET, NO_HARNESS, NO_HARNESS, NO_HELMET, NO_HARNESS, NO_HELMET, NO_HARNESS, NO_HELMET, NO_HARNESS, NO_HARNESS, NO_HARNESS, NO_HARNESS, NO_HELMET, NO_HARNESS, NO_HARNESS, NO_HARNESS, NO_HARNESS, NO_HARNESS, NO_HARNESS, NO_HARNESS, NO_HARNESS, NO_HARNESS, NO_HARNESS, NO_HARNESS, NO_HARNESS, NO_HELMET, NO_HARNESS, NO_HARNESS, NO_HARNESS, NO_HARNESS, NO_HARNESS, NO_HELMET, NO_HARNESS, NO_HARNESS, NO_HELMET, NO_HARNESS, NO_HARNESS, NO_HELMET, NO_HARNESS, NO_HARNESS, NO_HELMET, NO_HARNESS, NO_HARNESS, NO_HELMET, NO_HARNESS, NO_HARNESS, NO_HELMET, NO_HARNESS, NO_HARNESS, NO_HARNESS, NO_HARNESS, NO_HELMET, NO_HARNESS, NO_HELMET, NO_HARNESS, NO_HARNESS, NO_HARNESS, NO_HARNESS, NO_HARNESS, NO_HARNESS, NO_HARNESS, NO_HARNESS, NO_HARNESS, NO_HARNESS, NO_HARNESS, NO_HELMET, NO_HARNESS, NO_HARNESS, NO_HARNESS, NO_HARNESS, NO_HARNESS",CRITICAL
2026-02-06 18:40:56,CAM_VIDEO,"NO_HARNESS, NO_HELMET, NO_HARNESS, NO_HELMET, NO_HARNESS, NO_HARNESS, NO_HARNESS, NO_HARNESS, NO_HARNESS, NO_HELMET, NO_HARNESS, NO_HARNESS, NO_HARNESS, NO_HARNESS, NO_HELMET, NO_HARNESS, NO_HELMET, NO_HARNESS, NO_HARNESS, NO_HARNESS, NO_HARNESS, NO_HELMET, NO_HARNESS, NO_HELMET, NO_HARNESS, NO_HARNESS, NO_HELMET, NO_HARNESS, NO_HELMET, NO_HARNESS, NO_HARNESS, NO_HARNESS, NO_HARNESS, NO_HARNESS, NO_HELMET, NO_HARNESS, NO_HARNESS, NO_HARNESS, NO_HARNESS, NO_HELMET, NO_HARNESS, NO_HELMET, NO_HARNESS, NO_HARNESS, NO_HELMET, NO_HARNESS, NO_HARNESS, NO_HARNESS, NO_HARNESS, NO_HELMET, NO_HARNESS, NO_HARNESS, NO_HARNESS, NO_HELMET, NO_HARNESS, NO_HELMET, NO_HARNESS, NO_HELMET, NO_HARNESS, NO_HELMET, NO_HARNESS, NO_HARNESS, NO_HARNESS, NO_HELMET, NO_HARNESS, NO_HARNESS, NO_HELMET, NO_HARNESS, NO_HARNESS, NO_HARNESS, NO_HARNESS, NO_HARNESS, NO_HARNESS",CRITICAL
2026-02-06 18:40:56,CAM_VIDEO,"NO_HARNESS, NO_HELMET, NO_HARNESS, NO_HELMET, NO_HARNESS, NO_HARNESS, NO_HARNESS, NO_HARNESS, NO_HELMET, NO_HARNESS, NO_HARNESS, NO_HARNESS, NO_HARNESS, NO_HARNESS, NO_HARNESS, NO_HARNESS, NO_HELMET, NO_HARNESS, NO_HELMET, NO_HARNESS, NO_HELMET, NO_HARNESS, NO_HARNESS, NO_HELMET, NO_HARNESS, NO_HARNESS, NO_HARNESS, NO_HARNESS, NO_HELMET, NO_HARNESS, NO_HELMET, NO_HARNESS, NO_HARNESS, NO_HARNESS, NO_HARNESS, NO_HARNESS, NO_HELMET, NO_HARNESS, NO_HARNESS, NO_HARNESS, NO_HELMET, NO_HARNESS, NO_HELMET, NO_HARNESS, NO_HARNESS, NO_HARNESS, NO_HELMET, NO_HARNESS, NO_HARNESS, NO_HARNESS, NO_HARNESS, NO_HARNESS, NO_HARNESS, NO_HARNESS, NO_HELMET, NO_HARNESS, NO_HELMET, NO_HARNESS, NO_HARNESS, NO_HARNESS, NO_HARNESS, NO_HELMET, NO_HARNESS, NO_HARNESS, NO_HARNESS, NO_HELMET, NO_HARNESS, NO_HARNESS, NO_HARNESS, NO_HARNESS, NO_HARNESS",CRITICAL
2026-02-06 18:40:56,CAM_VIDEO,"NO_HARNESS, NO_HELMET, NO_HARNESS, NO_HELMET, NO_HARNESS, NO_HARNESS, NO_HARNESS, NO_HARNESS, NO_HARNESS, NO_HELMET, NO_HARNESS, NO_HELMET, NO_HARNESS, NO_HARNESS, NO_HELMET, NO_HARNESS, NO_HARNESS, NO_HELMET, NO_HARNESS, NO_HARNESS, NO_HELMET, NO_HARNESS, NO_HARNESS, NO_HARNESS, NO_HARNESS, NO_HELMET, NO_HARNESS, NO_HARNESS, NO_HARNESS, NO_HELMET, NO_HARNESS, NO_HARNESS, NO_HARNESS, NO_HARNESS, NO_HARNESS, NO_HELMET, NO_HARNESS, NO_HARNESS, NO_HELMET, NO_HARNESS, NO_HELMET, NO_HARNESS, NO_HARNESS, NO_HARNESS, NO_HARNESS, NO_HARNESS, NO_HELMET, NO_HARNESS, NO_HARNESS, NO_HELMET, NO_HARNESS, NO_HARNESS, NO_HARNESS, NO_HARNESS, NO_HARNESS, NO_HARNESS, NO_HELMET, NO_HARNESS, NO_HARNESS, NO_HARNESS, NO_HARNESS, NO_HARNESS, NO_HARNESS, NO_HARNESS, NO_HARNESS, NO_HARNESS, NO_HELMET, NO_HARNESS, NO_HARNESS, NO_HARNESS, NO_HARNESS, NO_HELMET, NO_HARNESS, NO_HELMET, NO_HARNESS, NO_HARNESS, NO_HELMET, NO_HARNESS",CRITICAL
2026-02-06 18:40:57,CAM_VIDEO,"NO_HARNESS, NO_HELMET, NO_HARNESS, NO_HARNESS, NO_HARNESS, NO_HELMET, NO_HARNESS, NO_HARNESS, NO_HARNESS, NO_HELMET, NO_HARNESS, NO_HELMET, NO_HARNESS, NO_HELMET, NO_HARNESS, NO_HARNESS, NO_HARNESS, NO_HARNESS, NO_HELMET, NO_HARNESS, NO_HARNESS, NO_HARNESS, NO_HARNESS, NO_HELMET, NO_HARNESS, NO_HARNESS, NO_HARNESS, NO_HARNESS, NO_HARNESS, NO_HARNESS, NO_HARNESS, NO_HELMET, NO_HARNESS, NO_HARNESS, NO_HELMET, NO_HARNESS, NO_HELMET, NO_HARNESS, NO_HARNESS, NO_HELMET, NO_HARNESS, NO_HELMET, NO_HARNESS, NO_HARNESS, NO_HARNESS, NO_HARNESS, NO_HARNESS, NO_HARNESS, NO_HARNESS, NO_HELMET, NO_HARNESS, NO_HARNESS, NO_HARNESS, NO_HARNESS, NO_HARNESS, NO_HARNESS, NO_HARNESS, NO_HARNESS, NO_HELMET, NO_HARNESS, NO_HARNESS, NO_HARNESS, NO_HARNESS, NO_HARNESS, NO_HARNESS, NO_HARNESS",CRITICAL
2026-02-06 18:40:57,CAM_VIDEO,"NO_HARNESS, NO_HELMET, NO_HARNESS, NO_HELMET, NO_HARNESS, NO_HARNESS, NO_HARNESS, NO_HELMET, NO_HARNESS, NO_HELMET, NO_HARNESS, NO_HARNESS, NO_HELMET, NO_HARNESS, NO_HARNESS, NO_HARNESS, NO_HARNESS, NO_HARNESS, NO_HARNESS, NO_HARNESS, NO_HARNESS, NO_HARNESS, NO_HELMET, NO_HARNESS, NO_HELMET, NO_HARNESS, NO_HARNESS, NO_HELMET, NO_HARNESS, NO_HELMET, NO_HARNESS, NO_HARNESS, NO_HARNESS, NO_HARNESS, NO_HARNESS, NO_HARNESS, NO_HARNESS, NO_HARNESS, NO_HARNESS, NO_HELMET, NO_HARNESS, NO_HARNESS, NO_HARNESS, NO_HARNESS, NO_HARNESS, NO_HARNESS, NO_HARNESS, NO_HARNESS, NO_HARNESS, NO_HELMET, NO_HARNESS, NO_HARNESS, NO_HELMET, NO_HARNESS, NO_HELMET, NO_HARNESS, NO_HARNESS, NO_HARNESS, NO_HARNESS, NO_HARNESS, NO_HELMET, NO_HARNESS, NO_HARNESS, NO_HARNESS, NO_HARNESS, NO_HARNESS, NO_HARNESS, NO_HARNESS, NO_HARNESS, NO_HELMET, NO_HELMET, NO_HARNESS, NO_HARNESS, NO_HARNESS, NO_HARNESS",CRITICAL
2026-02-06 18:40:57,CAM_VIDEO,"NO_HARNESS, NO_HELMET, NO_HARNESS, NO_HARNESS, NO_HELMET, NO_HARNESS, NO_HELMET, NO_HARNESS, NO_HARNESS, NO_HELMET, NO_HARNESS, NO_HARNESS, NO_HARNESS, NO_HARNESS, NO_HELMET, NO_HARNESS, NO_HELMET, NO_HARNESS, NO_HELMET, NO_HARNESS, NO_HARNESS, NO_HARNESS, NO_HARNESS, NO_HARNESS, NO_HARNESS, NO_HARNESS, NO_HARNESS, NO_HARNESS, NO_HARNESS, NO_HELMET, NO_HARNESS, NO_HARNESS, NO_HARNESS, NO_HELMET, NO_HARNESS, NO_HARNESS, NO_HARNESS, NO_HARNESS, NO_HARNESS, NO_HARNESS, NO_HARNESS, NO_HARNESS, NO_HARNESS, NO_HELMET, NO_HARNESS, NO_HARNESS, NO_HARNESS, NO_HARNESS, NO_HARNESS, NO_HELMET, NO_HARNESS, NO_HARNESS, NO_HARNESS, NO_HARNESS, NO_HARNESS, NO_HARNESS, NO_HARNESS, NO_HARNESS, NO_HELMET, NO_HARNESS, NO_HELMET, NO_HARNESS, NO_HELMET, NO_HARNESS, NO_HARNESS, NO_HARNESS, NO_HARNESS, NO_HARNESS, NO_HELMET, NO_HARNESS, NO_HARNESS, NO_HELMET, NO_HARNESS, NO_HARNESS, NO_HELMET, NO_HARNESS, NO_HARNESS, NO_HARNESS, NO_HARNESS, NO_HELMET, NO_HARNESS",CRITICAL
2026-02-06 18:46:02,CAM_VIDEO,"NO_HELMET, NO_HARNESS, NO_HELMET, NO_HARNESS, NO_HARNESS, NO_HARNESS, NO_HARNESS, NO_HARNESS, NO_HARNESS, NO_HARNESS, NO_HELMET, NO_HARNESS, NO_HARNESS, NO_HARNESS, NO_HARNESS, NO_HARNESS, NO_HARNESS, NO_HELMET, NO_HARNESS, NO_HELMET, NO_HARNESS, NO_HARNESS, NO_HELMET, NO_HARNESS, NO_HELMET, NO_HARNESS, NO_HARNESS, NO_HELMET, NO_HARNESS, NO_HARNESS, NO_HARNESS, NO_HELMET, NO_HARNESS, NO_HARNESS, NO_HARNESS, NO_HELMET, NO_HARNESS",CRITICAL
2026-02-06 18:46:02,CAM_VIDEO,"NO_HARNESS, NO_HELMET, NO_HARNESS, NO_HELMET, NO_HARNESS, NO_HARNESS, NO_HARNESS, NO_HARNESS, NO_HELMET, NO_HARNESS, NO_HARNESS, NO_HELMET, NO_HARNESS, NO_HARNESS, NO_HARNESS, NO_HELMET, NO_HARNESS, NO_HARNESS, NO_HARNESS, NO_HARNESS, NO_HARNESS, NO_HELMET, NO_HARNESS, NO_HARNESS, NO_HARNESS, NO_HELMET, NO_HARNESS",CRITICAL
2026-02-06 18:46:02,CAM_VIDEO,"NO_HELMET, NO_HARNESS, NO_HARNESS, NO_HARNESS, NO_HELMET, NO_HARNESS, NO_HARNESS, NO_HARNESS, NO_HARNESS, NO_HARNESS, NO_HARNESS, NO_HARNESS, NO_HARNESS, NO_HELMET, NO_HARNESS, NO_HARNESS, NO_HELMET, NO_HARNESS, NO_HARNESS, NO_HELMET, NO_HARNESS, NO_HELMET, NO_HARNESS, NO_HELMET, NO_HARNESS, NO_HARNESS, NO_HARNESS",CRITICAL
2026-02-06 18:46:02,CAM_VIDEO,"NO_HARNESS, NO_HARNESS, NO_HELMET, NO_HARNESS, NO_HARNESS, NO_HELMET, NO_HARNESS, NO_HARNESS, NO_HARNESS, NO_HARNESS, NO_HARNESS, NO_HARNESS, NO_HELMET, NO_HARNESS, NO_HARNESS, NO_HELMET, NO_HARNESS, NO_HARNESS, NO_HARNESS, NO_HELMET, NO_HARNESS, NO_HELMET, NO_HARNESS, NO_HARNESS, NO_HARNESS, NO_HARNESS",CRITICAL
2026-02-06 18:46:03,CAM_VIDEO,"NO_HARNESS, NO_HELMET, NO_HARNESS, NO_HARNESS, NO_HARNESS, NO_HARNESS, NO_HELMET, NO_HARNESS, NO_HARNESS, NO_HELMET, NO_HARNESS, NO_HARNESS, NO_HARNESS, NO_HARNESS, NO_HARNESS, NO_HELMET, NO_HARNESS, NO_HELMET, NO_HARNESS, NO_HELMET, NO_HARNESS, NO_HELMET, NO_HARNESS, NO_HELMET, NO_HARNESS, NO_HELMET, NO_HARNESS",CRITICAL
2026-02-06 18:46:03,CAM_VIDEO,"NO_HARNESS, NO_HARNESS, NO_HARNESS, NO_HELMET, NO_HARNESS, NO_HELMET, NO_HARNESS, NO_HARNESS, NO_HELMET, NO_HARNESS, NO_HARNESS, NO_HARNESS, NO_HELMET, NO_HARNESS, NO_HELMET, NO_HARNESS, NO_HELMET, NO_HARNESS, NO_HARNESS, NO_HARNESS, NO_HARNESS, NO_HARNESS",CRITICAL
2026-02-06 18:46:03,CAM_VIDEO,"NO_HARNESS, NO_HARNESS, NO_HELMET, NO_HARNESS, NO_HARNESS, NO_HELMET, NO_HARNESS, NO_HELMET, NO_HARNESS, NO_HARNESS, NO_HARNESS, NO_HARNESS, NO_HARNESS, NO_HELMET, NO_HARNESS, NO_HARNESS, NO_HARNESS, NO_HELMET, NO_HARNESS, NO_HARNESS, NO_HARNESS, NO_HARNESS, NO_HARNESS, NO_HARNESS, NO_HARNESS, NO_HARNESS, NO_HELMET, NO_HARNESS",CRITICAL
2026-02-06 18:46:03,CAM_VIDEO,"NO_HARNESS, NO_HARNESS, NO_HARNESS, NO_HELMET, NO_HARNESS, NO_HARNESS, NO_HARNESS, NO_HARNESS, NO_HARNESS, NO_HARNESS, NO_HELMET, NO_HARNESS, NO_HARNESS, NO_HELMET, NO_HARNESS, NO_HARNESS, NO_HARNESS, NO_HARNESS, NO_HELMET, NO_HARNESS, NO_HARNESS",CRITICAL
2026-02-06 18:46:04,CAM_VIDEO,"NO_HARNESS, NO_HELMET, NO_HARNESS, NO_HARNESS, NO_HARNESS, NO_HARNESS, NO_HARNESS, NO_HELMET, NO_HARNESS, NO_HELMET, NO_HARNESS, NO_HARNESS, NO_HARNESS, NO_HELMET, NO_HARNESS, NO_HARNESS, NO_HELMET, NO_HARNESS, NO_HELMET, NO_HARNESS, NO_HARNESS, NO_HARNESS, NO_HARNESS, NO_HELMET, NO_HARNESS, NO_HELMET, NO_HARNESS, NO_HARNESS, NO_HARNESS, NO_HARNESS, NO_HARNESS, NO_HELMET, NO_HARNESS, NO_HARNESS, NO_HARNESS, NO_HELMET, NO_HARNESS, NO_HELMET, NO_HARNESS, NO_HELMET, NO_HARNESS, NO_HARNESS, NO_HELMET, NO_HARNESS, NO_HELMET, NO_HARNESS, NO_HARNESS, NO_HELMET, NO_HARNESS",CRITICAL
2026-02-06 18:46:04,CAM_VIDEO,"NO_HELMET, NO_HARNESS, NO_HARNESS, NO_HELMET, NO_HARNESS, NO_HARNESS, NO_HELMET, NO_HARNESS, NO_HARNESS, NO_HARNESS, NO_HELMET, NO_HARNESS, NO_HARNESS, NO_HARNESS, NO_HARNESS, NO_HARNESS, NO_HARNESS, NO_HARNESS, NO_HARNESS, NO_HARNESS, NO_HELMET, NO_HARNESS, NO_HARNESS, NO_HELMET, NO_HARNESS, NO_HELMET, NO_HARNESS, NO_HELMET, NO_HARNESS, NO_HELMET, NO_HARNESS, NO_HELMET, NO_HARNESS",CRITICAL
2026-02-06 18:46:04,CAM_VIDEO,"NO_HARNESS, NO_HELMET, NO_HARNESS, NO_HARNESS, NO_HARNESS, NO_HARNESS, NO_HARNESS, NO_HELMET, NO_HARNESS, NO_HELMET, NO_HARNESS, NO_HELMET, NO_HARNESS, NO_HELMET, NO_HARNESS, NO_HELMET, NO_HARNESS, NO_HELMET, NO_HARNESS, NO_HARNESS, NO_HELMET, NO_HARNESS, NO_HELMET, NO_HARNESS",CRITICAL
2026-02-06 18:46:05,CAM_VIDEO,"NO_HELMET, NO_HARNESS, NO_HARNESS, NO_HARNESS, NO_HELMET, NO_HARNESS, NO_HELMET, NO_HARNESS, NO_HELMET, NO_HARNESS, NO_HARNESS, NO_HELMET, NO_HARNESS, NO_HELMET, NO_HARNESS, NO_HARNESS, NO_HARNESS, NO_HARNESS, NO_HELMET, NO_HARNESS, NO_HARNESS",CRITICAL
2026-02-06 18:46:05,CAM_VIDEO,"NO_HELMET, NO_HARNESS, NO_HARNESS, NO_HARNESS, NO_HARNESS, NO_HELMET, NO_HARNESS, NO_HELMET, NO_HARNESS, NO_HARNESS, NO_HARNESS, NO_HELMET, NO_HARNESS, NO_HELMET, NO_HARNESS, NO_HELMET, NO_HARNESS, NO_HARNESS, NO_HELMET, NO_HARNESS",CRITICAL
2026-02-06 18:46:06,CAM_VIDEO,"NO_HELMET, NO_HARNESS, NO_HARNESS, NO_HELMET, NO_HARNESS, NO_HELMET, NO_HARNESS, NO_HARNESS, NO_HELMET, NO_HARNESS, NO_HARNESS, NO_HARNESS, NO_HELMET, NO_HARNESS, NO_HELMET, NO_HARNESS, NO_HELMET, NO_HARNESS, NO_HARNESS",CRITICAL
2026-02-06 18:46:06,CAM_VIDEO,"NO_HARNESS, NO_HARNESS, NO_HELMET, NO_HARNESS, NO_HELMET, NO_HARNESS, NO_HARNESS, NO_HELMET, NO_HARNESS, NO_HELMET, NO_HARNESS, NO_HELMET, NO_HARNESS, NO_HELMET, NO_HARNESS, NO_HELMET, NO_HARNESS, NO_HARNESS, NO_HELMET, NO_HARNESS, NO_HARNESS, NO_HARNESS, NO_HELMET, NO_HARNESS, NO_HARNESS, NO_HARNESS, NO_HARNESS",CRITICAL
2026-02-06 18:46:06,CAM_VIDEO,"NO_HARNESS, NO_HARNESS, NO_HARNESS, NO_HELMET, NO_HARNESS, NO_HARNESS, NO_HARNESS, NO_HARNESS, NO_HELMET, NO_HARNESS, NO_HARNESS, NO_HARNESS, NO_HARNESS, NO_HARNESS, NO_HARNESS, NO_HELMET, NO_HARNESS, NO_HARNESS, NO_HARNESS, NO_HARNESS, NO_HARNESS, NO_HELMET, NO_HARNESS",CRITICAL
2026-02-06 18:46:06,CAM_VIDEO,"NO_HARNESS, NO_HARNESS, NO_HARNESS, NO_HARNESS, NO_HELMET, NO_HARNESS, NO_HARNESS, NO_HARNESS, NO_HARNESS, NO_HELMET, NO_HARNESS, NO_HARNESS, NO_HARNESS, NO_HARNESS, NO_HARNESS, NO_HARNESS, NO_HARNESS, NO_HARNESS, NO_HARNESS, NO_HARNESS, NO_HELMET, NO_HARNESS, NO_HARNESS, NO_HARNESS",CRITICAL
2026-02-06 18:46:07,CAM_VIDEO,"NO_HARNESS, NO_HARNESS, NO_HELMET, NO_HARNESS, NO_HARNESS, NO_HELMET, NO_HARNESS, NO_HARNESS, NO_HARNESS, NO_HARNESS, NO_HARNESS, NO_HARNESS, NO_HARNESS, NO_HARNESS, NO_HARNESS, NO_HARNESS, NO_HARNESS, NO_HARNESS, NO_HARNESS, NO_HELMET, NO_HARNESS, NO_HARNESS, NO_HARNESS",CRITICAL
2026-02-06 18:46:07,CAM_VIDEO,"NO_HARNESS, NO_HARNESS, NO_HARNESS, NO_HARNESS, NO_HELMET, NO_HARNESS, NO_HARNESS, NO_HELMET, NO_HARNESS, NO_HARNESS, NO_HARNESS, NO_HARNESS, NO_HARNESS, NO_HARNESS, NO_HELMET, NO_HARNESS, NO_HARNESS, NO_HARNESS, NO_HARNESS, NO_HARNESS, NO_HELMET, NO_HARNESS",CRITICAL
2026-02-06 18:46:08,CAM_VIDEO,"NO_HELMET, NO_HARNESS, NO_HARNESS, NO_HARNESS, NO_HARNESS, NO_HELMET, NO_HARNESS, NO_HARNESS, NO_HARNESS, NO_HARNESS, NO_HELMET, NO_HARNESS, NO_HELMET, NO_HARNESS, NO_HELMET, NO_HARNESS, NO_HARNESS",CRITICAL
2026-02-06 18:46:08,CAM_VIDEO,"NO_HARNESS, NO_HELMET, NO_HARNESS, NO_HELMET, NO_HARNESS, NO_HARNESS, NO_HARNESS, NO_HELMET, NO_HARNESS, NO_HELMET, NO_HARNESS, NO_HARNESS, NO_HARNESS, NO_HARNESS, NO_HELMET, NO_HARNESS",CRITICAL
2026-02-06 18:46:08,CAM_VIDEO,"NO_HARNESS, NO_HELMET, NO_HARNESS, NO_HELMET, NO_HARNESS, NO_HARNESS, NO_HARNESS, NO_HARNESS, NO_HARNESS, NO_HELMET, NO_HARNESS, NO_HARNESS, NO_HELMET, NO_HARNESS, NO_HARNESS, NO_HARNESS, NO_HARNESS",CRITICAL
2026-02-06 18:46:09,CAM_VIDEO,"NO_HELMET, NO_HARNESS, NO_HARNESS, NO_HELMET, NO_HARNESS, NO_HARNESS, NO_HARNESS, NO_HARNESS, NO_HELMET, NO_HARNESS, NO_HARNESS, NO_HARNESS, NO_HARNESS, NO_HELMET, NO_HARNESS, NO_HARNESS, NO_HELMET, NO_HARNESS, NO_HARNESS, NO_HARNESS",CRITICAL
2026-02-06 18:46:09,CAM_VIDEO,"NO_HARNESS, NO_HELMET, NO_HARNESS, NO_HARNESS, NO_HELMET, NO_HARNESS, NO_HARNESS, NO_HARNESS, NO_HARNESS, NO_HARNESS, NO_HELMET, NO_HARNESS, NO_HELMET, NO_HARNESS, NO_HARNESS, NO_HARNESS, NO_HARNESS, NO_HELMET, NO_HARNESS, NO_HELMET, NO_HARNESS, NO_HARNESS, NO_HELMET, NO_HARNESS, NO_HARNESS",CRITICAL
2026-02-06 18:46:09,CAM_VIDEO,"NO_HELMET, NO_HARNESS, NO_HELMET, NO_HARNESS, NO_HARNESS, NO_HARNESS, NO_HARNESS, NO_HARNESS, NO_HARNESS, NO_HARNESS, NO_HELMET, NO_HARNESS, NO_HELMET, NO_HARNESS, NO_HELMET, NO_HARNESS, NO_HARNESS, NO_HARNESS, NO_HELMET, NO_HARNESS, NO_HARNESS, NO_HARNESS, NO_HELMET, NO_HARNESS, NO_HELMET, NO_HARNESS, NO_HELMET, NO_HARNESS",CRITICAL
2026-02-06 18:46:10,CAM_VIDEO,"NO_HELMET, NO_HARNESS, NO_HELMET, NO_HARNESS, NO_HARNESS, NO_HELMET, NO_HARNESS, NO_HARNESS, NO_HELMET, NO_HARNESS, NO_HARNESS, NO_HARNESS, NO_HELMET, NO_HARNESS, NO_HARNESS, NO_HELMET, NO_HARNESS, NO_HARNESS, NO_HARNESS, NO_HARNESS, NO_HARNESS, NO_HELMET, NO_HARNESS, NO_HARNESS, NO_HELMET, NO_HARNESS, NO_HARNESS, NO_HARNESS, NO_HARNESS, NO_HARNESS, NO_HELMET, NO_HARNESS, NO_HARNESS, NO_HELMET, NO_HARNESS, NO_HARNESS, NO_HELMET, NO_HARNESS, NO_HELMET, NO_HARNESS, NO_HELMET, NO_HARNESS, NO_HARNESS",CRITICAL
2026-02-06 18:46:10,CAM_VIDEO,"NO_HELMET, NO_HARNESS, NO_HELMET, NO_HARNESS, NO_HARNESS, NO_HELMET, NO_HARNESS, NO_HELMET, NO_HARNESS, NO_HARNESS, NO_HARNESS, NO_HELMET, NO_HARNESS, NO_HARNESS, NO_HARNESS, NO_HELMET, NO_HARNESS, NO_HARNESS, NO_HARNESS, NO_HELMET, NO_HARNESS, NO_HARNESS, NO_HELMET, NO_HARNESS, NO_HARNESS, NO_HARNESS, NO_HELMET, NO_HARNESS, NO_HELMET, NO_HARNESS, NO_HELMET, NO_HARNESS, NO_HARNESS, NO_HARNESS",CRITICAL
2026-02-06 18:46:11,CAM_VIDEO,"NO_HARNESS, NO_HELMET, NO_HARNESS, NO_HELMET, NO_HARNESS, NO_HELMET, NO_HARNESS, NO_HARNESS, NO_HELMET, NO_HARNESS, NO_HARNESS, NO_HELMET, NO_HARNESS, NO_HELMET, NO_HARNESS, NO_HARNESS, NO_HARNESS, NO_HARNESS, NO_HELMET, NO_HARNESS, NO_HELMET, NO_HARNESS, NO_HARNESS, NO_HARNESS, NO_HARNESS, NO_HARNESS, NO_HELMET, NO_HARNESS, NO_HARNESS, NO_HELMET, NO_HARNESS, NO_HARNESS, NO_HARNESS, NO_HARNESS, NO_HARNESS, NO_HARNESS, NO_HARNESS, NO_HARNESS, NO_HARNESS",CRITICAL
2026-02-06 18:46:11,CAM_VIDEO,"NO_HELMET, NO_HARNESS, NO_HARNESS, NO_HELMET, NO_HARNESS, NO_HARNESS, NO_HELMET, NO_HARNESS, NO_HELMET, NO_HARNESS, NO_HARNESS, NO_HELMET, NO_HARNESS, NO_HELMET, NO_HARNESS, NO_HELMET, NO_HARNESS, NO_HARNESS, NO_HARNESS, NO_HARNESS, NO_HARNESS, NO_HARNESS, NO_HARNESS, NO_HELMET, NO_HARNESS, NO_HELMET, NO_HARNESS, NO_HARNESS, NO_HARNESS, NO_HARNESS, NO_HARNESS, NO_HELMET, NO_HARNESS, NO_HARNESS, NO_HARNESS, NO_HELMET, NO_HARNESS, NO_HELMET, NO_HARNESS, NO_HELMET, NO_HARNESS, NO_HARNESS, NO_HARNESS",CRITICAL
2026-02-06 18:46:11,CAM_VIDEO,"NO_HELMET, NO_HARNESS, NO_HARNESS, NO_HARNESS, NO_HARNESS, NO_HARNESS, NO_HARNESS, NO_HELMET, NO_HARNESS, NO_HELMET, NO_HARNESS, NO_HARNESS, NO_HARNESS, NO_HARNESS, NO_HARNESS, NO_HELMET, NO_HARNESS, NO_HARNESS, NO_HELMET, NO_HARNESS, NO_HELMET, NO_HARNESS, NO_HELMET, NO_HARNESS, NO_HELMET, NO_HARNESS, NO_HELMET, NO_HARNESS, NO_HELMET, NO_HARNESS, NO_HELMET, NO_HARNESS",CRITICAL
2026-02-06 18:46:12,CAM_VIDEO,"NO_HELMET, NO_HARNESS, NO_HARNESS, NO_HARNESS, NO_HARNESS, NO_HARNESS, NO_HARNESS, NO_HARNESS, NO_HARNESS, NO_HARNESS, NO_HELMET, NO_HARNESS, NO_HARNESS, NO_HARNESS, NO_HELMET, NO_HARNESS, NO_HELMET, NO_HARNESS, NO_HELMET, NO_HARNESS, NO_HELMET, NO_HARNESS, NO_HARNESS, NO_HARNESS, NO_HARNESS, NO_HELMET, NO_HARNESS, NO_HARNESS, NO_HARNESS, NO_HELMET, NO_HARNESS, NO_HARNESS, NO_HELMET, NO_HARNESS, NO_HELMET, NO_HARNESS",CRITICAL
2026-02-06 18:46:12,CAM_VIDEO,"NO_HELMET, NO_HARNESS, NO_HARNESS, NO_HARNESS, NO_HARNESS, NO_HARNESS, NO_HELMET, NO_HARNESS, NO_HARNESS, NO_HARNESS, NO_HARNESS, NO_HELMET, NO_HARNESS, NO_HARNESS, NO_HARNESS, NO_HELMET, NO_HARNESS, NO_HELMET, NO_HARNESS, NO_HARNESS, NO_HARNESS, NO_HARNESS, NO_HARNESS, NO_HELMET, NO_HARNESS, NO_HARNESS, NO_HARNESS, NO_HARNESS, NO_HARNESS, NO_HELMET, NO_HARNESS, NO_HELMET, NO_HARNESS, NO_HARNESS, NO_HELMET, NO_HARNESS, NO_HELMET, NO_HARNESS, NO_HARNESS, NO_HELMET, NO_HARNESS, NO_HELMET, NO_HARNESS, NO_HELMET, NO_HARNESS, NO_HELMET, NO_HARNESS, NO_HELMET, NO_HARNESS, NO_HELMET, NO_HARNESS, NO_HARNESS, NO_HARNESS, NO_HARNESS, NO_HARNESS, NO_HELMET, NO_HARNESS, NO_HARNESS, NO_HELMET, NO_HARNESS, NO_HARNESS, NO_HARNESS",CRITICAL
2026-02-06 18:46:13,CAM_VIDEO,"NO_HELMET, NO_HARNESS, NO_HARNESS, NO_HARNESS, NO_HARNESS, NO_HELMET, NO_HARNESS, NO_HARNESS, NO_HARNESS, NO_HARNESS, NO_HELMET, NO_HARNESS, NO_HELMET, NO_HARNESS, NO_HARNESS, NO_HARNESS, NO_HELMET, NO_HARNESS, NO_HARNESS, NO_HELMET, NO_HARNESS, NO_HELMET, NO_HARNESS, NO_HARNESS, NO_HELMET, NO_HARNESS, NO_HARNESS, NO_HELMET, NO_HARNESS, NO_HARNESS, NO_HELMET, NO_HARNESS, NO_HELMET, NO_HARNESS, NO_HELMET, NO_HARNESS, NO_HARNESS, NO_HARNESS, NO_HARNESS, NO_HARNESS, NO_HARNESS, NO_HELMET, NO_HARNESS, NO_HARNESS, NO_HELMET, NO_HARNESS, NO_HARNESS, NO_HELMET, NO_HARNESS, NO_HARNESS, NO_HELMET, NO_HARNESS, NO_HELMET, NO_HARNESS, NO_HARNESS, NO_HELMET, NO_HARNESS, NO_HARNESS, NO_HELMET, NO_HARNESS, NO_HARNESS, NO_HARNESS, NO_HELMET, NO_HARNESS, NO_HELMET, NO_HARNESS",CRITICAL
2026-02-06 18:46:13,CAM_VIDEO,"NO_HELMET, NO_HARNESS, NO_HARNESS, NO_HARNESS, NO_HARNESS, NO_HARNESS, NO_HARNESS, NO_HELMET, NO_HARNESS, NO_HELMET, NO_HARNESS, NO_HARNESS, NO_HELMET, NO_HARNESS, NO_HARNESS, NO_HARNESS, NO_HARNESS, NO_HELMET, NO_HARNESS, NO_HARNESS, NO_HELMET, NO_HARNESS, NO_HARNESS, NO_HARNESS, NO_HELMET, NO_HARNESS, NO_HARNESS, NO_HARNESS, NO_HARNESS, NO_HELMET, NO_HARNESS, NO_HARNESS, NO_HELMET, NO_HARNESS, NO_HARNESS, NO_HARNESS, NO_HARNESS, NO_HARNESS, NO_HARNESS, NO_HARNESS, NO_HELMET, NO_HARNESS, NO_HELMET, NO_HARNESS, NO_HARNESS, NO_HARNESS, NO_HARNESS, NO_HARNESS, NO_HARNESS, NO_HELMET, NO_HARNESS, NO_HELMET, NO_HARNESS, NO_HELMET, NO_HARNESS, NO_HARNESS, NO_HARNESS, NO_HARNESS, NO_HARNESS, NO_HELMET, NO_HARNESS",CRITICAL
2026-02-06 18:46:13,CAM_VIDEO,"NO_HELMET, NO_HARNESS, NO_HELMET, NO_HARNESS, NO_HELMET, NO_HARNESS, NO_HARNESS, NO_HELMET, NO_HARNESS, NO_HELMET, NO_HARNESS, NO_HARNESS, NO_HARNESS, NO_HARNESS, NO_HARNESS, NO_HARNESS, NO_HARNESS, NO_HELMET, NO_HARNESS, NO_HARNESS, NO_HELMET, NO_HARNESS, NO_HELMET, NO_HARNESS, NO_HARNESS, NO_HARNESS, NO_HARNESS, NO_HELMET, NO_HARNESS, NO_HELMET, NO_HARNESS, NO_HARNESS, NO_HARNESS, NO_HARNESS, NO_HARNESS, NO_HARNESS, NO_HARNESS, NO_HARNESS, NO_HARNESS, NO_HARNESS, NO_HARNESS, NO_HELMET, NO_HARNESS, NO_HELMET, NO_HARNESS, NO_HARNESS, NO_HARNESS, NO_HELMET, NO_HARNESS, NO_HELMET, NO_HARNESS, NO_HARNESS, NO_HELMET, NO_HARNESS, NO_HELMET, NO_HARNESS, NO_HELMET, NO_HARNESS, NO_HARNESS",CRITICAL
2026-02-06 18:46:14,CAM_VIDEO,"NO_HARNESS, NO_HARNESS, NO_HARNESS, NO_HARNESS, NO_HARNESS, NO_HARNESS, NO_HELMET, NO_HARNESS, NO_HELMET, NO_HARNESS, NO_HARNESS, NO_HARNESS, NO_HELMET, NO_HARNESS, NO_HELMET, NO_HARNESS, NO_HELMET, NO_HARNESS, NO_HARNESS, NO_HELMET, NO_HARNESS, NO_HELMET, NO_HARNESS, NO_HARNESS, NO_HELMET, NO_HARNESS, NO_HELMET, NO_HARNESS, NO_HARNESS, NO_HELMET, NO_HARNESS, NO_HARNESS, NO_HARNESS, NO_HARNESS, NO_HELMET, NO_HARNESS, NO_HARNESS, NO_HARNESS, NO_HARNESS, NO_HARNESS, NO_HARNESS, NO_HARNESS, NO_HARNESS, NO_HARNESS, NO_HELMET, NO_HARNESS, NO_HELMET, NO_HARNESS, NO_HARNESS, NO_HELMET, NO_HARNESS, NO_HARNESS, NO_HARNESS, NO_HELMET, NO_HARNESS, NO_HARNESS, NO_HELMET, NO_HARNESS, NO_HELMET, NO_HARNESS, NO_HELMET, NO_HARNESS, NO_HARNESS, NO_HELMET, NO_HARNESS, NO_HELMET, NO_HARNESS, NO_HELMET, NO_HARNESS, NO_HARNESS, NO_HARNESS, NO_HELMET, NO_HARNESS, NO_HELMET, NO_HARNESS, NO_HELMET, NO_HARNESS, NO_HELMET, NO_HARNESS, NO_HELMET, NO_HARNESS, NO_HARNESS, NO_HELMET, NO_HARNESS, NO_HARNESS",CRITICAL
2026-02-06 18:46:14,CAM_VIDEO,"NO_HELMET, NO_HARNESS, NO_HARNESS, NO_HELMET, NO_HARNESS, NO_HELMET, NO_HARNESS, NO_HARNESS, NO_HARNESS, NO_HARNESS, NO_HARNESS, NO_HARNESS, NO_HELMET, NO_HARNESS, NO_HELMET, NO_HARNESS, NO_HELMET, NO_HARNESS, NO_HARNESS, NO_HELMET, NO_HARNESS, NO_HARNESS, NO_HARNESS, NO_HARNESS, NO_HARNESS, NO_HELMET, NO_HARNESS, NO_HELMET, NO_HARNESS, NO_HARNESS, NO_HARNESS, NO_HELMET, NO_HARNESS, NO_HELMET, NO_HARNESS, NO_HARNESS, NO_HARNESS, NO_HARNESS, NO_HARNESS, NO_HARNESS, NO_HARNESS, NO_HARNESS, NO_HARNESS, NO_HELMET, NO_HARNESS, NO_HELMET, NO_HARNESS, NO_HARNESS, NO_HARNESS, NO_HELMET, NO_HARNESS, NO_HELMET, NO_HARNESS, NO_HARNESS, NO_HELMET, NO_HARNESS, NO_HARNESS, NO_HELMET, NO_HARNESS, NO_HARNESS, NO_HELMET, NO_HARNESS, NO_HELMET, NO_HARNESS, NO_HARNESS, NO_HELMET, NO_HARNESS, NO_HARNESS, NO_HARNESS, NO_HARNESS, NO_HELMET, NO_HARNESS, NO_HARNESS, NO_HARNESS, NO_HARNESS, NO_HELMET, NO_HARNESS, NO_HELMET, NO_HARNESS, NO_HARNESS, NO_HARNESS, NO_HELMET, NO_HARNESS, NO_HELMET, NO_HARNESS, NO_HELMET, NO_HARNESS, NO_HARNESS, NO_HARNESS, NO_HELMET, NO_HARNESS, NO_HARNESS, NO_HARNESS, NO_HELMET, NO_HARNESS",CRITICAL
2026-02-06 18:46:14,CAM_VIDEO,"NO_HARNESS, NO_HARNESS, NO_HELMET, NO_HARNESS, NO_HARNESS, NO_HARNESS, NO_HARNESS, NO_HELMET, NO_HARNESS, NO_HARNESS, NO_HARNESS, NO_HELMET, NO_HARNESS, NO_HELMET, NO_HARNESS, NO_HARNESS, NO_HELMET, NO_HARNESS, NO_HELMET, NO_HARNESS, NO_HARNESS, NO_HARNESS, NO_HELMET, NO_HARNESS, NO_HARNESS, NO_HARNESS, NO_HARNESS, NO_HELMET, NO_HARNESS, NO_HELMET, NO_HARNESS, NO_HARNESS, NO_HARNESS, NO_HARNESS, NO_HARNESS, NO_HARNESS, NO_HELMET, NO_HARNESS, NO_HARNESS, NO_HARNESS, NO_HELMET, NO_HARNESS, NO_HARNESS, NO_HARNESS, NO_HELMET, NO_HARNESS, NO_HELMET, NO_HELMET, NO_HARNESS, NO_HELMET, NO_HARNESS, NO_HARNESS, NO_HARNESS, NO_HELMET, NO_HARNESS, NO_HARNESS, NO_HARNESS, NO_HARNESS, NO_HARNESS, NO_HARNESS, NO_HELMET, NO_HARNESS, NO_HELMET, NO_HARNESS, NO_HARNESS, NO_HELMET, NO_HARNESS, NO_HARNESS, NO_HARNESS, NO_HARNESS, NO_HELMET, NO_HARNESS, NO_HELMET, NO_HARNESS, NO_HARNESS, NO_HARNESS, NO_HARNESS, NO_HELMET, NO_HARNESS, NO_HELMET, NO_HARNESS, NO_HARNESS, NO_HELMET, NO_HARNESS, NO_HARNESS",CRITICAL
2026-02-06 18:46:15,CAM_VIDEO,"NO_HELMET, NO_HARNESS, NO_HELMET, NO_HARNESS, NO_HARNESS, NO_HELMET, NO_HARNESS, NO_HELMET, NO_HARNESS, NO_HARNESS, NO_HELMET, NO_HARNESS, NO_HARNESS, NO_HARNESS, NO_HELMET, NO_HARNESS, NO_HELMET, NO_HARNESS, NO_HARNESS, NO_HARNESS, NO_HARNESS, NO_HARNESS, NO_HARNESS, NO_HELMET, NO_HARNESS, NO_HARNESS, NO_HARNESS, NO_HARNESS, NO_HARNESS, NO_HARNESS, NO_HELMET, NO_HARNESS, NO_HELMET, NO_HARNESS, NO_HARNESS, NO_HARNESS, NO_HARNESS, NO_HELMET, NO_HARNESS, NO_HARNESS, NO_HARNESS, NO_HARNESS, NO_HELMET, NO_HARNESS, NO_HARNESS, NO_HARNESS, NO_HARNESS, NO_HELMET, NO_HARNESS",CRITICAL
2026-02-06 18:46:15,CAM_VIDEO,"NO_HARNESS, NO_HARNESS, NO_HELMET, NO_HARNESS, NO_HARNESS, NO_HARNESS, NO_HARNESS, NO_HELMET, NO_HARNESS, NO_HELMET, NO_HARNESS, NO_HARNESS, NO_HARNESS, NO_HARNESS, NO_HELMET, NO_HARNESS, NO_HARNESS, NO_HARNESS, NO_HARNESS, NO_HARNESS, NO_HARNESS, NO_HARNESS, NO_HELMET, NO_HARNESS, NO_HELMET, NO_HARNESS, NO_HARNESS, NO_HELMET, NO_HARNESS, NO_HARNESS, NO_HARNESS, NO_HARNESS, NO_HELMET, NO_HARNESS, NO_HARNESS, NO_HELMET, NO_HARNESS, NO_HELMET, NO_HARNESS, NO_HELMET, NO_HARNESS, NO_HELMET, NO_HARNESS, NO_HARNESS, NO_HARNESS, NO_HELMET, NO_HARNESS, NO_HARNESS, NO_HELMET, NO_HARNESS, NO_HARNESS, NO_HELMET, NO_HARNESS, NO_HARNESS, NO_HARNESS, NO_HARNESS, NO_HELMET, NO_HARNESS, NO_HELMET, NO_HARNESS, NO_HARNESS",CRITICAL
2026-02-06 18:46:15,CAM_VIDEO,"NO_HARNESS, NO_HARNESS, NO_HELMET, NO_HARNESS, NO_HELMET, NO_HARNESS, NO_HARNESS, NO_HARNESS, NO_HELMET, NO_HARNESS, NO_HARNESS, NO_HELMET, NO_HARNESS, NO_HARNESS, NO_HARNESS, NO_HELMET, NO_HARNESS, NO_HELMET, NO_HARNESS, NO_HARNESS, NO_HARNESS, NO_HELMET, NO_HARNESS, NO_HARNESS, NO_HELMET, NO_HARNESS, NO_HELMET, NO_HARNESS, NO_HARNESS, NO_HARNESS, NO_HELMET, NO_HARNESS, NO_HARNESS, NO_HELMET, NO_HARNESS, NO_HARNESS, NO_HARNESS, NO_HARNESS, NO_HELMET, NO_HARNESS, NO_HARNESS, NO_HELMET, NO_HARNESS, NO_HELMET, NO_HARNESS, NO_HARNESS, NO_HELMET, NO_HARNESS, NO_HARNESS",CRITICAL
2026-02-06 18:46:16,CAM_VIDEO,"NO_HARNESS, NO_HELMET, NO_HARNESS, NO_HARNESS, NO_HARNESS, NO_HARNESS, NO_HARNESS, NO_HELMET, NO_HARNESS, NO_HELMET, NO_HARNESS, NO_HELMET, NO_HARNESS, NO_HELMET, NO_HARNESS, NO_HARNESS, NO_HELMET, NO_HARNESS, NO_HARNESS, NO_HELMET, NO_HARNESS, NO_HARNESS, NO_HARNESS, NO_HARNESS, NO_HELMET, NO_HARNESS, NO_HARNESS, NO_HARNESS, NO_HARNESS, NO_HARNESS, NO_HELMET, NO_HARNESS, NO_HARNESS, NO_HARNESS, NO_HARNESS, NO_HELMET, NO_HARNESS, NO_HARNESS, NO_HARNESS, NO_HARNESS, NO_HELMET, NO_HARNESS, NO_HELMET, NO_HARNESS, NO_HELMET, NO_HARNESS, NO_HELMET, NO_HARNESS, NO_HELMET, NO_HARNESS, NO_HARNESS, NO_HARNESS, NO_HELMET, NO_HARNESS, NO_HARNESS, NO_HARNESS, NO_HARNESS",CRITICAL
2026-02-06 18:46:16,CAM_VIDEO,"NO_HELMET, NO_HARNESS, NO_HARNESS, NO_HELMET, NO_HARNESS, NO_HELMET, NO_HARNESS, NO_HARNESS, NO_HARNESS, NO_HARNESS, NO_HELMET, NO_HARNESS, NO_HARNESS, NO_HARNESS, NO_HELMET, NO_HARNESS, NO_HARNESS, NO_HELMET, NO_HARNESS, NO_HARNESS, NO_HARNESS, NO_HELMET, NO_HARNESS, NO_HARNESS, NO_HELMET, NO_HARNESS, NO_HELMET, NO_HARNESS, NO_HARNESS, NO_HARNESS, NO_HELMET, NO_HARNESS, NO_HELMET, NO_HARNESS, NO_HELMET, NO_HARNESS, NO_HARNESS, NO_HELMET, NO_HARNESS, NO_HELMET, NO_HARNESS, NO_HARNESS, NO_HARNESS, NO_HELMET, NO_HARNESS, NO_HARNESS, NO_HELMET, NO_HARNESS, NO_HARNESS, NO_HARNESS, NO_HARNESS, NO_HARNESS, NO_HELMET, NO_HARNESS, NO_HELMET, NO_HARNESS, NO_HELMET, NO_HARNESS, NO_HARNESS, NO_HARNESS, NO_HARNESS, NO_HARNESS, NO_HELMET, NO_HARNESS, NO_HELMET, NO_HARNESS, NO_HARNESS, NO_HARNESS",CRITICAL
2026-02-06 18:46:16,CAM_VIDEO,"NO_HARNESS, NO_HELMET, NO_HARNESS, NO_HARNESS, NO_HARNESS, NO_HARNESS, NO_HELMET, NO_HARNESS, NO_HARNESS, NO_HARNESS, NO_HELMET, NO_HARNESS, NO_HARNESS, NO_HARNESS, NO_HELMET, NO_HARNESS, NO_HARNESS, NO_HARNESS, NO_HELMET, NO_HARNESS, NO_HELMET, NO_HARNESS, NO_HELMET, NO_HARNESS, NO_HELMET, NO_HARNESS, NO_HELMET, NO_HARNESS, NO_HARNESS, NO_HARNESS, NO_HARNESS, NO_HARNESS, NO_HARNESS, NO_HARNESS, NO_HARNESS, NO_HARNESS, NO_HELMET, NO_HARNESS, NO_HELMET, NO_HARNESS, NO_HELMET, NO_HARNESS, NO_HARNESS, NO_HELMET, NO_HARNESS, NO_HARNESS, NO_HARNESS, NO_HARNESS",CRITICAL
2026-02-06 18:46:17,CAM_VIDEO,"NO_HARNESS, NO_HELMET, NO_HARNESS, NO_HARNESS, NO_HARNESS, NO_HARNESS, NO_HARNESS, NO_HARNESS, NO_HELMET, NO_HARNESS, NO_HARNESS, NO_HARNESS, NO_HARNESS, NO_HELMET, NO_HARNESS, NO_HARNESS, NO_HARNESS, NO_HARNESS, NO_HELMET, NO_HARNESS, NO_HELMET, NO_HARNESS, NO_HELMET, NO_HARNESS, NO_HARNESS, NO_HELMET, NO_HARNESS, NO_HELMET, NO_HARNESS, NO_HARNESS, NO_HARNESS, NO_HARNESS, NO_HELMET, NO_HARNESS, NO_HARNESS, NO_HELMET, NO_HARNESS, NO_HARNESS, NO_HELMET, NO_HARNESS, NO_HARNESS, NO_HELMET, NO_HARNESS, NO_HARNESS, NO_HARNESS, NO_HELMET, NO_HARNESS, NO_HELMET, NO_HARNESS, NO_HELMET, NO_HARNESS, NO_HARNESS",CRITICAL
2026-02-06 18:46:17,CAM_VIDEO,"NO_HARNESS, NO_HELMET, NO_HARNESS, NO_HARNESS, NO_HARNESS, NO_HARNESS, NO_HARNESS, NO_HARNESS, NO_HARNESS, NO_HARNESS, NO_HARNESS, NO_HELMET, NO_HARNESS, NO_HELMET, NO_HARNESS, NO_HELMET, NO_HARNESS, NO_HELMET, NO_HARNESS, NO_HARNESS, NO_HELMET, NO_HARNESS, NO_HELMET, NO_HARNESS, NO_HARNESS, NO_HELMET, NO_HARNESS, NO_HARNESS, NO_HARNESS, NO_HELMET, NO_HARNESS, NO_HARNESS, NO_HARNESS, NO_HARNESS, NO_HELMET, NO_HARNESS, NO_HARNESS, NO_HELMET, NO_HARNESS, NO_HELMET, NO_HARNESS, NO_HARNESS, NO_HELMET, NO_HARNESS, NO_HARNESS, NO_HELMET, NO_HARNESS, NO_HARNESS, NO_HARNESS, NO_HARNESS, NO_HARNESS, NO_HELMET, NO_HARNESS, NO_HARNESS, NO_HARNESS, NO_HELMET, NO_HARNESS, NO_HELMET, NO_HARNESS, NO_HARNESS, NO_HELMET, NO_HARNESS, NO_HELMET, NO_HARNESS, NO_HELMET, NO_HARNESS, NO_HARNESS, NO_HELMET, NO_HARNESS, NO_HARNESS, NO_HARNESS, NO_HARNESS, NO_HARNESS, NO_HARNESS, NO_HELMET, NO_HARNESS, NO_HARNESS, NO_HARNESS",CRITICAL
2026-02-06 18:46:17,CAM_VIDEO,"NO_HARNESS, NO_HARNESS, NO_HELMET, NO_HARNESS, NO_HELMET, NO_HARNESS, NO_HARNESS, NO_HARNESS, NO_HARNESS, NO_HARNESS, NO_HARNESS, NO_HELMET, NO_HARNESS, NO_HELMET, NO_HARNESS, NO_HARNESS, NO_HARNESS, NO_HELMET, NO_HARNESS, NO_HELMET, NO_HARNESS, NO_HELMET, NO_HARNESS, NO_HARNESS, NO_HELMET, NO_HARNESS, NO_HELMET, NO_HARNESS, NO_HARNESS, NO_HARNESS, NO_HARNESS, NO_HELMET, NO_HARNESS, NO_HELMET, NO_HARNESS, NO_HARNESS, NO_HARNESS, NO_HARNESS, NO_HARNESS, NO_HARNESS, NO_HARNESS, NO_HELMET, NO_HARNESS, NO_HARNESS, NO_HARNESS, NO_HELMET, NO_HARNESS, NO_HARNESS, NO_HARNESS, NO_HELMET, NO_HARNESS, NO_HELMET, NO_HARNESS, NO_HARNESS, NO_HELMET, NO_HARNESS, NO_HELMET, NO_HARNESS, NO_HELMET, NO_HARNESS, NO_HARNESS, NO_HELMET, NO_HARNESS, NO_HARNESS",CRITICAL
2026-02-06 18:46:17,CAM_VIDEO,"NO_HARNESS, NO_HELMET, NO_HARNESS, NO_HARNESS, NO_HELMET, NO_HARNESS, NO_HARNESS, NO_HELMET, NO_HARNESS, NO_HARNESS, NO_HARNESS, NO_HARNESS, NO_HELMET, NO_HARNESS, NO_HARNESS, NO_HELMET, NO_HARNESS, NO_HARNESS, NO_HELMET, NO_HARNESS, NO_HARNESS, NO_HARNESS, NO_HARNESS, NO_HARNESS, NO_HARNESS, NO_HARNESS, NO_HARNESS, NO_HARNESS, NO_HARNESS, NO_HARNESS, NO_HELMET, NO_HARNESS, NO_HARNESS, NO_HARNESS, NO_HELMET, NO_HARNESS, NO_HARNESS, NO_HARNESS, NO_HARNESS, NO_HELMET, NO_HARNESS, NO_HARNESS, NO_HELMET, NO_HARNESS, NO_HARNESS, NO_HARNESS, NO_HARNESS, NO_HARNESS, NO_HARNESS, NO_HARNESS, NO_HARNESS, NO_HELMET, NO_HARNESS, NO_HELMET, NO_HARNESS, NO_HARNESS, NO_HELMET, NO_HARNESS, NO_HARNESS, NO_HARNESS, NO_HARNESS, NO_HARNESS, NO_HARNESS, NO_HARNESS, NO_HARNESS, NO_HELMET, NO_HARNESS, NO_HELMET, NO_HARNESS",CRITICAL
2026-02-06 18:46:18,CAM_VIDEO,"NO_HARNESS, NO_HELMET, NO_HARNESS, NO_HELMET, NO_HARNESS, NO_HARNESS, NO_HARNESS, NO_HELMET, NO_HARNESS, NO_HARNESS, NO_HARNESS, NO_HELMET, NO_HARNESS, NO_HARNESS, NO_HARNESS, NO_HARNESS, NO_HARNESS, NO_HARNESS, NO_HELMET, NO_HARNESS, NO_HARNESS, NO_HARNESS, NO_HARNESS, NO_HARNESS, NO_HARNESS, NO_HELMET, NO_HARNESS, NO_HELMET, NO_HARNESS, NO_HARNESS, NO_HARNESS, NO_HARNESS, NO_HARNESS, NO_HARNESS, NO_HARNESS, NO_HARNESS, NO_HARNESS, NO_HARNESS, NO_HELMET, NO_HARNESS, NO_HARNESS, NO_HARNESS, NO_HARNESS, NO_HARNESS, NO_HARNESS, NO_HARNESS, NO_HELMET, NO_HARNESS, NO_HARNESS, NO_HARNESS, NO_HELMET, NO_HARNESS, NO_HARNESS, NO_HARNESS, NO_HARNESS, NO_HARNESS, NO_HARNESS, NO_HELMET, NO_HARNESS, NO_HELMET, NO_HARNESS, NO_HELMET, NO_HARNESS, NO_HELMET, NO_HARNESS, NO_HELMET, NO_HARNESS, NO_HELMET, NO_HARNESS, NO_HARNESS, NO_HELMET, NO_HARNESS, NO_HARNESS, NO_HARNESS, NO_HARNESS",CRITICAL
2026-02-06 18:46:18,CAM_VIDEO,"NO_HARNESS, NO_HELMET, NO_HARNESS, NO_HELMET, NO_HARNESS, NO_HARNESS, NO_HARNESS, NO_HARNESS, NO_HARNESS, NO_HARNESS, NO_HELMET, NO_HARNESS, NO_HARNESS, NO_HARNESS, NO_HELMET, NO_HARNESS, NO_HARNESS, NO_HARNESS, NO_HARNESS, NO_HARNESS, NO_HARNESS, NO_HELMET, NO_HARNESS, NO_HARNESS, NO_HELMET, NO_HARNESS, NO_HARNESS, NO_HELMET, NO_HARNESS, NO_HARNESS, NO_HELMET, NO_HARNESS, NO_HARNESS, NO_HARNESS, NO_HARNESS, NO_HELMET, NO_HARNESS, NO_HARNESS, NO_HARNESS, NO_HARNESS, NO_HARNESS, NO_HARNESS, NO_HARNESS, NO_HARNESS, NO_HELMET, NO_HARNESS, NO_HARNESS, NO_HARNESS, NO_HARNESS, NO_HARNESS, NO_HELMET, NO_HARNESS, NO_HARNESS, NO_HARNESS, NO_HARNESS, NO_HELMET, NO_HARNESS, NO_HARNESS, NO_HARNESS, NO_HELMET, NO_HARNESS, NO_HARNESS, NO_HELMET, NO_HARNESS, NO_HARNESS, NO_HELMET, NO_HARNESS, NO_HARNESS",CRITICAL
2026-02-06 18:46:18,CAM_VIDEO,"NO_HARNESS, NO_HELMET, NO_HARNESS, NO_HELMET, NO_HARNESS, NO_HARNESS, NO_HARNESS, NO_HARNESS, NO_HELMET, NO_HARNESS, NO_HARNESS, NO_HARNESS, NO_HARNESS, NO_HARNESS, NO_HARNESS, NO_HARNESS, NO_HARNESS, NO_HELMET, NO_HARNESS, NO_HARNESS, NO_HARNESS, NO_HELMET, NO_HARNESS, NO_HELMET, NO_HARNESS, NO_HARNESS, NO_HELMET, NO_HARNESS, NO_HARNESS, NO_HELMET, NO_HARNESS, NO_HARNESS, NO_HARNESS, NO_HELMET, NO_HARNESS, NO_HARNESS, NO_HARNESS, NO_HARNESS, NO_HARNESS, NO_HARNESS, NO_HARNESS, NO_HARNESS, NO_HARNESS, NO_HARNESS, NO_HELMET, NO_HARNESS, NO_HARNESS, NO_HARNESS, NO_HELMET, NO_HARNESS, NO_HARNESS, NO_HELMET, NO_HARNESS, NO_HARNESS, NO_HELMET, NO_HARNESS, NO_HELMET, NO_HARNESS, NO_HARNESS, NO_HELMET, NO_HARNESS, NO_HELMET, NO_HARNESS, NO_HELMET, NO_HARNESS, NO_HARNESS, NO_HELMET, NO_HARNESS, NO_HARNESS",CRITICAL
2026-02-06 18:46:19,CAM_VIDEO,"NO_HARNESS, NO_HARNESS, NO_HELMET, NO_HARNESS, NO_HARNESS, NO_HELMET, NO_HARNESS, NO_HELMET, NO_HARNESS, NO_HELMET, NO_HARNESS, NO_HARNESS, NO_HELMET, NO_HARNESS, NO_HARNESS, NO_HARNESS, NO_HARNESS, NO_HELMET, NO_HARNESS, NO_HARNESS, NO_HELMET, NO_HARNESS, NO_HELMET, NO_HARNESS, NO_HELMET, NO_HARNESS, NO_HARNESS, NO_HARNESS, NO_HARNESS, NO_HARNESS, NO_HARNESS, NO_HARNESS, NO_HARNESS, NO_HARNESS, NO_HARNESS, NO_HELMET, NO_HARNESS, NO_HARNESS, NO_HARNESS, NO_HELMET, NO_HARNESS, NO_HELMET, NO_HARNESS, NO_HARNESS, NO_HARNESS, NO_HARNESS, NO_HARNESS, NO_HELMET, NO_HARNESS, NO_HARNESS, NO_HARNESS, NO_HELMET, NO_HARNESS, NO_HARNESS, NO_HARNESS, NO_HELMET, NO_HARNESS, NO_HARNESS, NO_HARNESS, NO_HELMET, NO_HARNESS, NO_HARNESS, NO_HARNESS, NO_HELMET, NO_HARNESS, NO_HARNESS, NO_HELMET, NO_HARNESS, NO_HARNESS, NO_HARNESS",CRITICAL
2026-02-06 18:46:19,CAM_VIDEO,"NO_HARNESS, NO_HELMET, NO_HARNESS, NO_HELMET, NO_HARNESS, NO_HARNESS, NO_HELMET, NO_HARNESS, NO_HELMET, NO_HARNESS, NO_HARNESS, NO_HARNESS, NO_HELMET, NO_HARNESS, NO_HELMET, NO_HARNESS, NO_HARNESS, NO_HARNESS, NO_HELMET, NO_HARNESS, NO_HARNESS, NO_HELMET, NO_HARNESS, NO_HARNESS, NO_HELMET, NO_HARNESS, NO_HARNESS, NO_HARNESS, NO_HARNESS, NO_HARNESS, NO_HARNESS, NO_HARNESS, NO_HARNESS, NO_HARNESS, NO_HARNESS, NO_HELMET, NO_HARNESS, NO_HELMET, NO_HARNESS, NO_HARNESS, NO_HARNESS, NO_HARNESS, NO_HARNESS, NO_HARNESS, NO_HARNESS, NO_HARNESS, NO_HARNESS, NO_HELMET, NO_HARNESS, NO_HARNESS, NO_HARNESS, NO_HELMET, NO_HARNESS, NO_HARNESS, NO_HARNESS, NO_HELMET, NO_HARNESS, NO_HARNESS, NO_HARNESS, NO_HARNESS, NO_HARNESS, NO_HARNESS, NO_HARNESS, NO_HARNESS, NO_HARNESS, NO_HARNESS, NO_HARNESS, NO_HELMET, NO_HARNESS, NO_HARNESS, NO_HARNESS",CRITICAL
2026-02-06 18:46:19,CAM_VIDEO,"NO_HARNESS, NO_HELMET, NO_HARNESS, NO_HELMET, NO_HARNESS, NO_HELMET, NO_HARNESS, NO_HARNESS, NO_HARNESS, NO_HARNESS, NO_HELMET, NO_HARNESS, NO_HARNESS, NO_HELMET, NO_HARNESS, NO_HARNESS, NO_HELMET, NO_HARNESS, NO_HELMET, NO_HARNESS, NO_HELMET, NO_HARNESS, NO_HARNESS, NO_HARNESS, NO_HARNESS, NO_HARNESS, NO_HARNESS, NO_HARNESS, NO_HARNESS, NO_HARNESS, NO_HARNESS, NO_HARNESS, NO_HARNESS, NO_HARNESS, NO_HARNESS, NO_HARNESS, NO_HELMET, NO_HARNESS, NO_HARNESS, NO_HELMET, NO_HARNESS, NO_HARNESS, NO_HELMET, NO_HARNESS, NO_HELMET, NO_HARNESS, NO_HARNESS, NO_HARNESS, NO_HARNESS, NO_HARNESS, NO_HARNESS, NO_HELMET, NO_HARNESS, NO_HARNESS, NO_HELMET, NO_HARNESS, NO_HARNESS, NO_HARNESS, NO_HARNESS, NO_HARNESS, NO_HELMET, NO_HARNESS, NO_HARNESS, NO_HARNESS, NO_HELMET, NO_HARNESS, NO_HARNESS, NO_HELMET, NO_HARNESS, NO_HARNESS, NO_HARNESS, NO_HARNESS, NO_HARNESS, NO_HARNESS, NO_HARNESS, NO_HELMET, NO_HARNESS, NO_HELMET, NO_HARNESS",CRITICAL
2026-02-06 18:46:19,CAM_VIDEO,"NO_HELMET, NO_HARNESS, NO_HARNESS, NO_HARNESS, NO_HELMET, NO_HARNESS, NO_HELMET, NO_HARNESS, NO_HARNESS, NO_HARNESS, NO_HARNESS, NO_HELMET, NO_HARNESS, NO_HARNESS, NO_HELMET, NO_HARNESS, NO_HARNESS, NO_HARNESS, NO_HELMET, NO_HARNESS, NO_HELMET, NO_HARNESS, NO_HELMET, NO_HARNESS, NO_HARNESS, NO_HARNESS, NO_HARNESS, NO_HARNESS, NO_HARNESS, NO_HARNESS, NO_HARNESS, NO_HARNESS, NO_HARNESS, NO_HELMET, NO_HARNESS, NO_HARNESS, NO_HARNESS, NO_HARNESS, NO_HELMET, NO_HARNESS, NO_HARNESS, NO_HARNESS, NO_HARNESS, NO_HELMET, NO_HARNESS, NO_HARNESS, NO_HARNESS, NO_HARNESS, NO_HARNESS, NO_HELMET, NO_HARNESS, NO_HARNESS, NO_HARNESS, NO_HARNESS, NO_HARNESS, NO_HARNESS, NO_HELMET, NO_HARNESS, NO_HELMET, NO_HARNESS, NO_HELMET, NO_HARNESS, NO_HARNESS, NO_HARNESS, NO_HELMET, NO_HARNESS, NO_HELMET, NO_HARNESS, NO_HELMET, NO_HARNESS, NO_HELMET, NO_HARNESS, NO_HARNESS, NO_HARNESS, NO_HARNESS, NO_HELMET, NO_HARNESS, NO_HARNESS, NO_HARNESS, NO_HARNESS, NO_HELMET, NO_HARNESS, NO_HELMET, NO_HARNESS, NO_HARNESS",CRITICAL
2026-02-06 18:46:20,CAM_VIDEO,"NO_HELMET, NO_HARNESS, NO_HARNESS, NO_HELMET, NO_HARNESS, NO_HELMET, NO_HARNESS, NO_HARNESS, NO_HARNESS, NO_HARNESS, NO_HARNESS, NO_HELMET, NO_HARNESS, NO_HARNESS, NO_HELMET, NO_HARNESS, NO_HELMET, NO_HARNESS, NO_HARNESS, NO_HARNESS, NO_HELMET, NO_HARNESS, NO_HARNESS, NO_HARNESS, NO_HELMET, NO_HARNESS, NO_HARNESS, NO_HARNESS, NO_HARNESS, NO_HELMET, NO_HARNESS, NO_HARNESS, NO_HARNESS, NO_HARNESS, NO_HELMET, NO_HARNESS, NO_HELMET, NO_HARNESS, NO_HARNESS, NO_HARNESS, NO_HARNESS, NO_HELMET, NO_HARNESS, NO_HARNESS, NO_HARNESS, NO_HARNESS, NO_HELMET, NO_HARNESS, NO_HARNESS, NO_HELMET, NO_HARNESS, NO_HELMET, NO_HARNESS, NO_HELMET, NO_HELMET, NO_HARNESS, NO_HARNESS, NO_HARNESS, NO_HARNESS, NO_HELMET, NO_HARNESS, NO_HARNESS, NO_HARNESS, NO_HARNESS, NO_HARNESS, NO_HARNESS, NO_HARNESS, NO_HARNESS, NO_HARNESS, NO_HARNESS, NO_HELMET, NO_HARNESS, NO_HARNESS, NO_HARNESS, NO_HARNESS, NO_HELMET, NO_HARNESS, NO_HARNESS",CRITICAL
2026-02-06 18:46:20,CAM_VIDEO,"NO_HELMET, NO_HARNESS, NO_HARNESS, NO_HELMET, NO_HARNESS, NO_HARNESS, NO_HELMET, NO_HARNESS, NO_HARNESS, NO_HELMET, NO_HARNESS, NO_HARNESS, NO_HARNESS, NO_HELMET, NO_HARNESS, NO_HELMET, NO_HARNESS, NO_HARNESS, NO_HELMET, NO_HARNESS, NO_HARNESS, NO_HELMET, NO_HARNESS, NO_HARNESS, NO_HARNESS, NO_HARNESS, NO_HELMET, NO_HARNESS, NO_HARNESS, NO_HELMET, NO_HARNESS, NO_HARNESS, NO_HARNESS, NO_HARNESS, NO_HARNESS, NO_HARNESS, NO_HARNESS, NO_HARNESS, NO_HARNESS, NO_HELMET, NO_HARNESS, NO_HARNESS, NO_HARNESS, NO_HARNESS, NO_HELMET, NO_HARNESS, NO_HARNESS, NO_HARNESS, NO_HELMET, NO_HARNESS, NO_HARNESS, NO_HARNESS, NO_HELMET, NO_HARNESS, NO_HARNESS, NO_HELMET, NO_HARNESS, NO_HARNESS, NO_HELMET, NO_HARNESS, NO_HARNESS, NO_HARNESS, NO_HARNESS",CRITICAL
2026-02-06 18:46:20,CAM_VIDEO,"NO_HELMET, NO_HARNESS, NO_HARNESS, NO_HELMET, NO_HARNESS, NO_HELMET, NO_HARNESS, NO_HARNESS, NO_HARNESS, NO_HARNESS, NO_HARNESS, NO_HELMET, NO_HARNESS, NO_HELMET, NO_HARNESS, NO_HARNESS, NO_HELMET, NO_HARNESS, NO_HELMET, NO_HARNESS, NO_HELMET, NO_HARNESS, NO_HARNESS, NO_HARNESS, NO_HARNESS, NO_HELMET, NO_HARNESS, NO_HARNESS, NO_HARNESS, NO_HARNESS, NO_HARNESS, NO_HARNESS, NO_HARNESS, NO_HARNESS, NO_HARNESS, NO_HARNESS, NO_HARNESS, NO_HARNESS, NO_HELMET, NO_HARNESS, NO_HARNESS, NO_HARNESS, NO_HARNESS, NO_HARNESS, NO_HELMET, NO_HARNESS, NO_HARNESS, NO_HELMET, NO_HARNESS, NO_HARNESS, NO_HELMET, NO_HARNESS, NO_HARNESS, NO_HELMET, NO_HARNESS, NO_HARNESS, NO_HELMET, NO_HARNESS, NO_HARNESS, NO_HELMET, NO_HARNESS, NO_HARNESS, NO_HARNESS, NO_HARNESS, NO_HELMET, NO_HARNESS, NO_HELMET, NO_HARNESS, NO_HARNESS, NO_HARNESS, NO_HARNESS, NO_HARNESS, NO_HARNESS, NO_HARNESS, NO_HARNESS, NO_HARNESS, NO_HARNESS, NO_HARNESS, NO_HELMET, NO_HARNESS, NO_HARNESS, NO_HARNESS, NO_HARNESS, NO_HARNESS",CRITICAL
2026-02-06 18:46:21,CAM_VIDEO,"NO_HARNESS, NO_HELMET, NO_HARNESS, NO_HELMET, NO_HARNESS, NO_HARNESS, NO_HARNESS, NO_HARNESS, NO_HARNESS, NO_HELMET, NO_HARNESS, NO_HARNESS, NO_HARNESS, NO_HARNESS, NO_HELMET, NO_HARNESS, NO_HELMET, NO_HARNESS, NO_HARNESS, NO_HARNESS, NO_HARNESS, NO_HELMET, NO_HARNESS, NO_HELMET, NO_HARNESS, NO_HARNESS, NO_HELMET, NO_HARNESS, NO_HELMET, NO_HARNESS, NO_HARNESS, NO_HARNESS, NO_HARNESS, NO_HARNESS, NO_HELMET, NO_HARNESS, NO_HARNESS, NO_HARNESS, NO_HARNESS, NO_HELMET, NO_HARNESS, NO_HELMET, NO_HARNESS, NO_HARNESS, NO_HELMET, NO_HARNESS, NO_HARNESS, NO_HARNESS, NO_HARNESS, NO_HELMET, NO_HARNESS, NO_HARNESS, NO_HARNESS, NO_HELMET, NO_HARNESS, NO_HELMET, NO_HARNESS, NO_HELMET, NO_HARNESS, NO_HELMET, NO_HARNESS, NO_HARNESS, NO_HARNESS, NO_HELMET, NO_HARNESS, NO_HARNESS, NO_HELMET, NO_HARNESS, NO_HARNESS, NO_HARNESS, NO_HARNESS, NO_HARNESS, NO_HARNESS",CRITICAL
2026-02-06 18:46:21,CAM_VIDEO,"NO_HARNESS, NO_HELMET, NO_HARNESS, NO_HELMET, NO_HARNESS, NO_HARNESS, NO_HARNESS, NO_HARNESS, NO_HELMET, NO_HARNESS, NO_HARNESS, NO_HARNESS, NO_HARNESS, NO_HARNESS, NO_HARNESS, NO_HARNESS, NO_HELMET, NO_HARNESS, NO_HELMET, NO_HARNESS, NO_HELMET, NO_HARNESS, NO_HARNESS, NO_HELMET, NO_HARNESS, NO_HARNESS, NO_HARNESS, NO_HARNESS, NO_HELMET, NO_HARNESS, NO_HELMET, NO_HARNESS, NO_HARNESS, NO_HARNESS, NO_HARNESS, NO_HARNESS, NO_HELMET, NO_HARNESS, NO_HARNESS, NO_HARNESS, NO_HELMET, NO_HARNESS, NO_HELMET, NO_HARNESS, NO_HARNESS, NO_HARNESS, NO_HELMET, NO_HARNESS, NO_HARNESS, NO_HARNESS, NO_HARNESS, NO_HARNESS, NO_HARNESS, NO_HARNESS, NO_HELMET, NO_HARNESS, NO_HELMET, NO_HARNESS, NO_HARNESS, NO_HARNESS, NO_HARNESS, NO_HELMET, NO_HARNESS, NO_HARNESS, NO_HARNESS, NO_HELMET, NO_HARNESS, NO_HARNESS, NO_HARNESS, NO_HARNESS, NO_HARNESS",CRITICAL
2026-02-06 18:46:21,CAM_VIDEO,"NO_HARNESS, NO_HELMET, NO_HARNESS, NO_HELMET, NO_HARNESS, NO_HARNESS, NO_HARNESS, NO_HARNESS, NO_HARNESS, NO_HELMET, NO_HARNESS, NO_HELMET, NO_HARNESS, NO_HARNESS, NO_HELMET, NO_HARNESS, NO_HARNESS, NO_HELMET, NO_HARNESS, NO_HARNESS, NO_HELMET, NO_HARNESS, NO_HARNESS, NO_HARNESS, NO_HARNESS, NO_HELMET, NO_HARNESS, NO_HARNESS, NO_HARNESS, NO_HELMET, NO_HARNESS, NO_HARNESS, NO_HARNESS, NO_HARNESS, NO_HARNESS, NO_HELMET, NO_HARNESS, NO_HARNESS, NO_HELMET, NO_HARNESS, NO_HELMET, NO_HARNESS, NO_HARNESS, NO_HARNESS, NO_HARNESS, NO_HARNESS, NO_HELMET, NO_HARNESS, NO_HARNESS, NO_HELMET, NO_HARNESS, NO_HARNESS, NO_HARNESS, NO_HARNESS, NO_HARNESS, NO_HARNESS, NO_HELMET, NO_HARNESS, NO_HARNESS, NO_HARNESS, NO_HARNESS, NO_HARNESS, NO_HARNESS, NO_HARNESS, NO_HARNESS, NO_HARNESS, NO_HELMET, NO_HARNESS, NO_HARNESS, NO_HARNESS, NO_HARNESS, NO_HELMET, NO_HARNESS, NO_HELMET, NO_HARNESS, NO_HARNESS, NO_HELMET, NO_HARNESS",CRITICAL
2026-02-06 18:46:21,CAM_VIDEO,"NO_HARNESS, NO_HELMET, NO_HARNESS, NO_HARNESS, NO_HARNESS, NO_HELMET, NO_HARNESS, NO_HARNESS, NO_HARNESS, NO_HELMET, NO_HARNESS, NO_HELMET, NO_HARNESS, NO_HELMET, NO_HARNESS, NO_HARNESS, NO_HARNESS, NO_HARNESS, NO_HELMET, NO_HARNESS, NO_HARNESS, NO_HARNESS, NO_HARNESS, NO_HELMET, NO_HARNESS, NO_HARNESS, NO_HARNESS, NO_HARNESS, NO_HARNESS, NO_HARNESS, NO_HARNESS, NO_HELMET, NO_HARNESS, NO_HARNESS, NO_HELMET, NO_HARNESS, NO_HELMET, NO_HARNESS, NO_HARNESS, NO_HELMET, NO_HARNESS, NO_HELMET, NO_HARNESS, NO_HARNESS, NO_HARNESS, NO_HARNESS, NO_HARNESS, NO_HARNESS, NO_HARNESS, NO_HELMET, NO_HARNESS, NO_HARNESS, NO_HARNESS, NO_HARNESS, NO_HARNESS, NO_HARNESS, NO_HARNESS, NO_HARNESS, NO_HELMET, NO_HARNESS, NO_HARNESS, NO_HARNESS, NO_HARNESS, NO_HARNESS, NO_HARNESS, NO_HARNESS",CRITICAL
2026-02-06 18:46:22,CAM_VIDEO,"NO_HARNESS, NO_HELMET, NO_HARNESS, NO_HELMET, NO_HARNESS, NO_HARNESS, NO_HARNESS, NO_HELMET, NO_HARNESS, NO_HELMET, NO_HARNESS, NO_HARNESS, NO_HELMET, NO_HARNESS, NO_HARNESS, NO_HARNESS, NO_HARNESS, NO_HARNESS, NO_HARNESS, NO_HARNESS, NO_HARNESS, NO_HARNESS, NO_HELMET, NO_HARNESS, NO_HELMET, NO_HARNESS, NO_HARNESS, NO_HELMET, NO_HARNESS, NO_HELMET, NO_HARNESS, NO_HARNESS, NO_HARNESS, NO_HARNESS, NO_HARNESS, NO_HARNESS, NO_HARNESS, NO_HARNESS, NO_HARNESS, NO_HELMET, NO_HARNESS, NO_HARNESS, NO_HARNESS, NO_HARNESS, NO_HARNESS, NO_HARNESS, NO_HARNESS, NO_HARNESS, NO_HARNESS, NO_HELMET, NO_HARNESS, NO_HARNESS, NO_HELMET, NO_HARNESS, NO_HELMET, NO_HARNESS, NO_HARNESS, NO_HARNESS, NO_HARNESS, NO_HARNESS, NO_HELMET, NO_HARNESS, NO_HARNESS, NO_HARNESS, NO_HARNESS, NO_HARNESS, NO_HARNESS, NO_HARNESS, NO_HARNESS, NO_HELMET, NO_HELMET, NO_HARNESS, NO_HARNESS, NO_HARNESS, NO_HARNESS",CRITICAL
2026-02-06 18:46:22,CAM_VIDEO,"NO_HARNESS, NO_HELMET, NO_HARNESS, NO_HARNESS, NO_HELMET, NO_HARNESS, NO_HELMET, NO_HARNESS, NO_HARNESS, NO_HELMET, NO_HARNESS, NO_HARNESS, NO_HARNESS, NO_HARNESS, NO_HELMET, NO_HARNESS, NO_HELMET, NO_HARNESS, NO_HELMET, NO_HARNESS, NO_HARNESS, NO_HARNESS, NO_HARNESS, NO_HARNESS, NO_HARNESS, NO_HARNESS, NO_HARNESS, NO_HARNESS, NO_HARNESS, NO_HELMET, NO_HARNESS, NO_HARNESS, NO_HARNESS, NO_HELMET, NO_HARNESS, NO_HARNESS, NO_HARNESS, NO_HARNESS, NO_HARNESS, NO_HARNESS, NO_HARNESS, NO_HARNESS, NO_HARNESS, NO_HELMET, NO_HARNESS, NO_HARNESS, NO_HARNESS, NO_HARNESS, NO_HARNESS, NO_HELMET, NO_HARNESS, NO_HARNESS, NO_HARNESS, NO_HARNESS, NO_HARNESS, NO_HARNESS, NO_HARNESS, NO_HARNESS, NO_HELMET, NO_HARNESS, NO_HELMET, NO_HARNESS, NO_HELMET, NO_HARNESS, NO_HARNESS, NO_HARNESS, NO_HARNESS, NO_HARNESS, NO_HELMET, NO_HARNESS, NO_HARNESS, NO_HELMET, NO_HARNESS, NO_HARNESS, NO_HELMET, NO_HARNESS, NO_HARNESS, NO_HARNESS, NO_HARNESS, NO_HELMET, NO_HARNESS",CRITICAL
2026-02-06 20:00:24,CAM_VIDEO,"NO_HELMET, NO_HARNESS, NO_HELMET, NO_HARNESS, NO_HARNESS, NO_HARNESS, NO_HARNESS, NO_HARNESS, NO_HARNESS, NO_HARNESS, NO_HELMET, NO_HARNESS, NO_HARNESS, NO_HARNESS, NO_HARNESS, NO_HARNESS, NO_HARNESS, NO_HELMET, NO_HARNESS, NO_HELMET, NO_HARNESS, NO_HARNESS, NO_HELMET, NO_HARNESS, NO_HELMET, NO_HARNESS, NO_HARNESS, NO_HELMET, NO_HARNESS, NO_HARNESS, NO_HARNESS, NO_HELMET, NO_HARNESS, NO_HARNESS, NO_HARNESS, NO_HELMET, NO_HARNESS",CRITICAL
2026-02-06 20:00:25,CAM_VIDEO,"NO_HARNESS, NO_HELMET, NO_HARNESS, NO_HELMET, NO_HARNESS, NO_HARNESS, NO_HARNESS, NO_HARNESS, NO_HELMET, NO_HARNESS, NO_HARNESS, NO_HELMET, NO_HARNESS, NO_HARNESS, NO_HARNESS, NO_HELMET, NO_HARNESS, NO_HARNESS, NO_HARNESS, NO_HARNESS, NO_HARNESS, NO_HELMET, NO_HARNESS, NO_HARNESS, NO_HARNESS, NO_HELMET, NO_HARNESS",CRITICAL
2026-02-06 20:00:27,CAM_VIDEO,"NO_HELMET, NO_HARNESS, NO_HARNESS, NO_HARNESS, NO_HELMET, NO_HARNESS, NO_HARNESS, NO_HARNESS, NO_HARNESS, NO_HARNESS, NO_HARNESS, NO_HARNESS, NO_HARNESS, NO_HELMET, NO_HARNESS, NO_HARNESS, NO_HELMET, NO_HARNESS, NO_HARNESS, NO_HELMET, NO_HARNESS, NO_HELMET, NO_HARNESS, NO_HELMET, NO_HARNESS, NO_HARNESS, NO_HARNESS",CRITICAL
2026-02-06 20:00:28,CAM_VIDEO,"NO_HARNESS, NO_HARNESS, NO_HELMET, NO_HARNESS, NO_HARNESS, NO_HELMET, NO_HARNESS, NO_HARNESS, NO_HARNESS, NO_HARNESS, NO_HARNESS, NO_HARNESS, NO_HELMET, NO_HARNESS, NO_HARNESS, NO_HELMET, NO_HARNESS, NO_HARNESS, NO_HARNESS, NO_HELMET, NO_HARNESS, NO_HELMET, NO_HARNESS, NO_HARNESS, NO_HARNESS, NO_HARNESS",CRITICAL
2026-02-06 20:00:31,CAM_VIDEO,"NO_HARNESS, NO_HELMET, NO_HARNESS, NO_HARNESS, NO_HARNESS, NO_HARNESS, NO_HELMET, NO_HARNESS, NO_HARNESS, NO_HELMET, NO_HARNESS, NO_HARNESS, NO_HARNESS, NO_HARNESS, NO_HARNESS, NO_HELMET, NO_HARNESS, NO_HELMET, NO_HARNESS, NO_HELMET, NO_HARNESS, NO_HELMET, NO_HARNESS, NO_HELMET, NO_HARNESS, NO_HELMET, NO_HARNESS",CRITICAL
2026-02-06 20:00:34,CAM_VIDEO,"NO_HARNESS, NO_HARNESS, NO_HARNESS, NO_HELMET, NO_HARNESS, NO_HELMET, NO_HARNESS, NO_HARNESS, NO_HELMET, NO_HARNESS, NO_HARNESS, NO_HARNESS, NO_HELMET, NO_HARNESS, NO_HELMET, NO_HARNESS, NO_HELMET, NO_HARNESS, NO_HARNESS, NO_HARNESS, NO_HARNESS, NO_HARNESS",CRITICAL
2026-02-06 20:00:37,CAM_VIDEO,"NO_HARNESS, NO_HARNESS, NO_HELMET, NO_HARNESS, NO_HARNESS, NO_HELMET, NO_HARNESS, NO_HELMET, NO_HARNESS, NO_HARNESS, NO_HARNESS, NO_HARNESS, NO_HARNESS, NO_HELMET, NO_HARNESS, NO_HARNESS, NO_HARNESS, NO_HELMET, NO_HARNESS, NO_HARNESS, NO_HARNESS, NO_HARNESS, NO_HARNESS, NO_HARNESS, NO_HARNESS, NO_HARNESS, NO_HELMET, NO_HARNESS",CRITICAL
2026-02-06 20:00:40,CAM_VIDEO,"NO_HARNESS, NO_HARNESS, NO_HARNESS, NO_HELMET, NO_HARNESS, NO_HARNESS, NO_HARNESS, NO_HARNESS, NO_HARNESS, NO_HARNESS, NO_HELMET, NO_HARNESS, NO_HARNESS, NO_HELMET, NO_HARNESS, NO_HARNESS, NO_HARNESS, NO_HARNESS, NO_HELMET, NO_HARNESS, NO_HARNESS",CRITICAL
2026-02-06 20:00:41,CAM_VIDEO,"NO_HARNESS, NO_HELMET, NO_HARNESS, NO_HARNESS, NO_HARNESS, NO_HARNESS, NO_HARNESS, NO_HELMET, NO_HARNESS, NO_HELMET, NO_HARNESS, NO_HARNESS, NO_HARNESS, NO_HELMET, NO_HARNESS, NO_HARNESS, NO_HELMET, NO_HARNESS, NO_HELMET, NO_HARNESS, NO_HARNESS, NO_HARNESS, NO_HARNESS, NO_HELMET, NO_HARNESS, NO_HELMET, NO_HARNESS, NO_HARNESS, NO_HARNESS, NO_HARNESS, NO_HARNESS, NO_HELMET, NO_HARNESS, NO_HARNESS, NO_HARNESS, NO_HELMET, NO_HARNESS, NO_HELMET, NO_HARNESS, NO_HELMET, NO_HARNESS, NO_HARNESS, NO_HELMET, NO_HARNESS, NO_HELMET, NO_HARNESS, NO_HARNESS, NO_HELMET, NO_HARNESS",CRITICAL
2026-02-06 20:00:43,CAM_VIDEO,"NO_HELMET, NO_HARNESS, NO_HARNESS, NO_HELMET, NO_HARNESS, NO_HARNESS, NO_HELMET, NO_HARNESS, NO_HARNESS, NO_HARNESS, NO_HELMET, NO_HARNESS, NO_HARNESS, NO_HARNESS, NO_HARNESS, NO_HARNESS, NO_HARNESS, NO_HARNESS, NO_HARNESS, NO_HARNESS, NO_HELMET, NO_HARNESS, NO_HARNESS, NO_HELMET, NO_HARNESS, NO_HELMET, NO_HARNESS, NO_HELMET, NO_HARNESS, NO_HELMET, NO_HARNESS, NO_HELMET, NO_HARNESS",CRITICAL
2026-02-06 20:00:44,CAM_VIDEO,"NO_HARNESS, NO_HELMET, NO_HARNESS, NO_HARNESS, NO_HARNESS, NO_HARNESS, NO_HARNESS, NO_HELMET, NO_HARNESS, NO_HELMET, NO_HARNESS, NO_HELMET, NO_HARNESS, NO_HELMET, NO_HARNESS, NO_HELMET, NO_HARNESS, NO_HELMET, NO_HARNESS, NO_HARNESS, NO_HELMET, NO_HARNESS, NO_HELMET, NO_HARNESS",CRITICAL
2026-02-06 20:00:45,CAM_VIDEO,"NO_HELMET, NO_HARNESS, NO_HARNESS, NO_HARNESS, NO_HELMET, NO_HARNESS, NO_HELMET, NO_HARNESS, NO_HELMET, NO_HARNESS, NO_HARNESS, NO_HELMET, NO_HARNESS, NO_HELMET, NO_HARNESS, NO_HARNESS, NO_HARNESS, NO_HARNESS, NO_HELMET, NO_HARNESS, NO_HARNESS",CRITICAL
2026-02-06 20:00:47,CAM_VIDEO,"NO_HELMET, NO_HARNESS, NO_HARNESS, NO_HARNESS, NO_HARNESS, NO_HELMET, NO_HARNESS, NO_HELMET, NO_HARNESS, NO_HARNESS, NO_HARNESS, NO_HELMET, NO_HARNESS, NO_HELMET, NO_HARNESS, NO_HELMET, NO_HARNESS, NO_HARNESS, NO_HELMET, NO_HARNESS",CRITICAL
2026-02-06 20:00:48,CAM_VIDEO,"NO_HELMET, NO_HARNESS, NO_HARNESS, NO_HELMET, NO_HARNESS, NO_HELMET, NO_HARNESS, NO_HARNESS, NO_HELMET, NO_HARNESS, NO_HARNESS, NO_HARNESS, NO_HELMET, NO_HARNESS, NO_HELMET, NO_HARNESS, NO_HELMET, NO_HARNESS, NO_HARNESS",CRITICAL
2026-02-06 20:00:49,CAM_VIDEO,"NO_HARNESS, NO_HARNESS, NO_HELMET, NO_HARNESS, NO_HELMET, NO_HARNESS, NO_HARNESS, NO_HELMET, NO_HARNESS, NO_HELMET, NO_HARNESS, NO_HELMET, NO_HARNESS, NO_HELMET, NO_HARNESS, NO_HELMET, NO_HARNESS, NO_HARNESS, NO_HELMET, NO_HARNESS, NO_HARNESS, NO_HARNESS, NO_HELMET, NO_HARNESS, NO_HARNESS, NO_HARNESS, NO_HARNESS",CRITICAL
2026-02-06 20:00:50,CAM_VIDEO,"NO_HARNESS, NO_HARNESS, NO_HARNESS, NO_HELMET, NO_HARNESS, NO_HARNESS, NO_HARNESS, NO_HARNESS, NO_HELMET, NO_HARNESS, NO_HARNESS, NO_HARNESS, NO_HARNESS, NO_HARNESS, NO_HARNESS, NO_HELMET, NO_HARNESS, NO_HARNESS, NO_HARNESS, NO_HARNESS, NO_HARNESS, NO_HELMET, NO_HARNESS",CRITICAL
2026-02-06 20:00:51,CAM_VIDEO,"NO_HARNESS, NO_HARNESS, NO_HARNESS, NO_HARNESS, NO_HELMET, NO_HARNESS, NO_HARNESS, NO_HARNESS, NO_HARNESS, NO_HELMET, NO_HARNESS, NO_HARNESS, NO_HARNESS, NO_HARNESS, NO_HARNESS, NO_HARNESS, NO_HARNESS, NO_HARNESS, NO_HARNESS, NO_HARNESS, NO_HELMET, NO_HARNESS, NO_HARNESS, NO_HARNESS",CRITICAL
2026-02-06 20:00:53,CAM_VIDEO,"NO_HARNESS, NO_HARNESS, NO_HELMET, NO_HARNESS, NO_HARNESS, NO_HELMET, NO_HARNESS, NO_HARNESS, NO_HARNESS, NO_HARNESS, NO_HARNESS, NO_HARNESS, NO_HARNESS, NO_HARNESS, NO_HARNESS, NO_HARNESS, NO_HARNESS, NO_HARNESS, NO_HARNESS, NO_HELMET, NO_HARNESS, NO_HARNESS, NO_HARNESS",CRITICAL
2026-02-06 20:00:54,CAM_VIDEO,"NO_HARNESS, NO_HARNESS, NO_HARNESS, NO_HARNESS, NO_HELMET, NO_HARNESS, NO_HARNESS, NO_HELMET, NO_HARNESS, NO_HARNESS, NO_HARNESS, NO_HARNESS, NO_HARNESS, NO_HARNESS, NO_HELMET, NO_HARNESS, NO_HARNESS, NO_HARNESS, NO_HARNESS, NO_HARNESS, NO_HELMET, NO_HARNESS",CRITICAL
2026-02-06 20:00:55,CAM_VIDEO,"NO_HELMET, NO_HARNESS, NO_HARNESS, NO_HARNESS, NO_HARNESS, NO_HELMET, NO_HARNESS, NO_HARNESS, NO_HARNESS, NO_HARNESS, NO_HELMET, NO_HARNESS, NO_HELMET, NO_HARNESS, NO_HELMET, NO_HARNESS, NO_HARNESS",CRITICAL
2026-02-06 20:00:56,CAM_VIDEO,"NO_HARNESS, NO_HELMET, NO_HARNESS, NO_HELMET, NO_HARNESS, NO_HARNESS, NO_HARNESS, NO_HELMET, NO_HARNESS, NO_HELMET, NO_HARNESS, NO_HARNESS, NO_HARNESS, NO_HARNESS, NO_HELMET, NO_HARNESS",CRITICAL
2026-02-06 20:00:58,CAM_VIDEO,"NO_HARNESS, NO_HELMET, NO_HARNESS, NO_HELMET, NO_HARNESS, NO_HARNESS, NO_HARNESS, NO_HARNESS, NO_HARNESS, NO_HELMET, NO_HARNESS, NO_HARNESS, NO_HELMET, NO_HARNESS, NO_HARNESS, NO_HARNESS, NO_HARNESS",CRITICAL
2026-02-06 20:00:59,CAM_VIDEO,"NO_HELMET, NO_HARNESS, NO_HARNESS, NO_HELMET, NO_HARNESS, NO_HARNESS, NO_HARNESS, NO_HARNESS, NO_HELMET, NO_HARNESS, NO_HARNESS, NO_HARNESS, NO_HARNESS, NO_HELMET, NO_HARNESS, NO_HARNESS, NO_HELMET, NO_HARNESS, NO_HARNESS, NO_HARNESS",CRITICAL
2026-02-06 20:01:01,CAM_VIDEO,"NO_HARNESS, NO_HELMET, NO_HARNESS, NO_HARNESS, NO_HELMET, NO_HARNESS, NO_HARNESS, NO_HARNESS, NO_HARNESS, NO_HARNESS, NO_HELMET, NO_HARNESS, NO_HELMET, NO_HARNESS, NO_HARNESS, NO_HARNESS, NO_HARNESS, NO_HELMET, NO_HARNESS, NO_HELMET, NO_HARNESS, NO_HARNESS, NO_HELMET, NO_HARNESS, NO_HARNESS",CRITICAL
2026-02-06 20:01:02,CAM_VIDEO,"NO_HELMET, NO_HARNESS, NO_HELMET, NO_HARNESS, NO_HARNESS, NO_HARNESS, NO_HARNESS, NO_HARNESS, NO_HARNESS, NO_HARNESS, NO_HELMET, NO_HARNESS, NO_HELMET, NO_HARNESS, NO_HELMET, NO_HARNESS, NO_HARNESS, NO_HARNESS, NO_HELMET, NO_HARNESS, NO_HARNESS, NO_HARNESS, NO_HELMET, NO_HARNESS, NO_HELMET, NO_HARNESS, NO_HELMET, NO_HARNESS",CRITICAL
2026-02-06 20:01:03,CAM_VIDEO,"NO_HELMET, NO_HARNESS, NO_HELMET, NO_HARNESS, NO_HARNESS, NO_HELMET, NO_HARNESS, NO_HARNESS, NO_HELMET, NO_HARNESS, NO_HARNESS, NO_HARNESS, NO_HELMET, NO_HARNESS, NO_HARNESS, NO_HELMET, NO_HARNESS, NO_HARNESS, NO_HARNESS, NO_HARNESS, NO_HARNESS, NO_HELMET, NO_HARNESS, NO_HARNESS, NO_HELMET, NO_HARNESS, NO_HARNESS, NO_HARNESS, NO_HARNESS, NO_HARNESS, NO_HELMET, NO_HARNESS, NO_HARNESS, NO_HELMET, NO_HARNESS, NO_HARNESS, NO_HELMET, NO_HARNESS, NO_HELMET, NO_HARNESS, NO_HELMET, NO_HARNESS, NO_HARNESS",CRITICAL
2026-02-06 20:01:04,CAM_VIDEO,"NO_HELMET, NO_HARNESS, NO_HELMET, NO_HARNESS, NO_HARNESS, NO_HELMET, NO_HARNESS, NO_HELMET, NO_HARNESS, NO_HARNESS, NO_HARNESS, NO_HELMET, NO_HARNESS, NO_HARNESS, NO_HARNESS, NO_HELMET, NO_HARNESS, NO_HARNESS, NO_HARNESS, NO_HELMET, NO_HARNESS, NO_HARNESS, NO_HELMET, NO_HARNESS, NO_HARNESS, NO_HARNESS, NO_HELMET, NO_HARNESS, NO_HELMET, NO_HARNESS, NO_HELMET, NO_HARNESS, NO_HARNESS, NO_HARNESS",CRITICAL
2026-02-06 20:01:06,CAM_VIDEO,"NO_HARNESS, NO_HELMET, NO_HARNESS, NO_HELMET, NO_HARNESS, NO_HELMET, NO_HARNESS, NO_HARNESS, NO_HELMET, NO_HARNESS, NO_HARNESS, NO_HELMET, NO_HARNESS, NO_HELMET, NO_HARNESS, NO_HARNESS, NO_HARNESS, NO_HARNESS, NO_HELMET, NO_HARNESS, NO_HELMET, NO_HARNESS, NO_HARNESS, NO_HARNESS, NO_HARNESS, NO_HARNESS, NO_HELMET, NO_HARNESS, NO_HARNESS, NO_HELMET, NO_HARNESS, NO_HARNESS, NO_HARNESS, NO_HARNESS, NO_HARNESS, NO_HARNESS, NO_HARNESS, NO_HARNESS, NO_HARNESS",CRITICAL
2026-02-06 20:01:07,CAM_VIDEO,"NO_HELMET, NO_HARNESS, NO_HARNESS, NO_HELMET, NO_HARNESS, NO_HARNESS, NO_HELMET, NO_HARNESS, NO_HELMET, NO_HARNESS, NO_HARNESS, NO_HELMET, NO_HARNESS, NO_HELMET, NO_HARNESS, NO_HELMET, NO_HARNESS, NO_HARNESS, NO_HARNESS, NO_HARNESS, NO_HARNESS, NO_HARNESS, NO_HARNESS, NO_HELMET, NO_HARNESS, NO_HELMET, NO_HARNESS, NO_HARNESS, NO_HARNESS, NO_HARNESS, NO_HARNESS, NO_HELMET, NO_HARNESS, NO_HARNESS, NO_HARNESS, NO_HELMET, NO_HARNESS, NO_HELMET, NO_HARNESS, NO_HELMET, NO_HARNESS, NO_HARNESS, NO_HARNESS",CRITICAL
2026-02-06 20:01:08,CAM_VIDEO,"NO_HELMET, NO_HARNESS, NO_HARNESS, NO_HARNESS, NO_HARNESS, NO_HARNESS, NO_HARNESS, NO_HELMET, NO_HARNESS, NO_HELMET, NO_HARNESS, NO_HARNESS, NO_HARNESS, NO_HARNESS, NO_HARNESS, NO_HELMET, NO_HARNESS, NO_HARNESS, NO_HELMET, NO_HARNESS, NO_HELMET, NO_HARNESS, NO_HELMET, NO_HARNESS, NO_HELMET, NO_HARNESS, NO_HELMET, NO_HARNESS, NO_HELMET, NO_HARNESS, NO_HELMET, NO_HARNESS",CRITICAL
2026-02-06 20:01:09,CAM_VIDEO,"NO_HELMET, NO_HARNESS, NO_HARNESS, NO_HARNESS, NO_HARNESS, NO_HARNESS, NO_HARNESS, NO_HARNESS, NO_HARNESS, NO_HARNESS, NO_HELMET, NO_HARNESS, NO_HARNESS, NO_HARNESS, NO_HELMET, NO_HARNESS, NO_HELMET, NO_HARNESS, NO_HELMET, NO_HARNESS, NO_HELMET, NO_HARNESS, NO_HARNESS, NO_HARNESS, NO_HARNESS, NO_HELMET, NO_HARNESS, NO_HARNESS, NO_HARNESS, NO_HELMET, NO_HARNESS, NO_HARNESS, NO_HELMET, NO_HARNESS, NO_HELMET, NO_HARNESS",CRITICAL
2026-02-06 20:01:11,CAM_VIDEO,"NO_HELMET, NO_HARNESS, NO_HARNESS, NO_HARNESS, NO_HARNESS, NO_HARNESS, NO_HELMET, NO_HARNESS, NO_HARNESS, NO_HARNESS, NO_HARNESS, NO_HELMET, NO_HARNESS, NO_HARNESS, NO_HARNESS, NO_HELMET, NO_HARNESS, NO_HELMET, NO_HARNESS, NO_HARNESS, NO_HARNESS, NO_HARNESS, NO_HARNESS, NO_HELMET, NO_HARNESS, NO_HARNESS, NO_HARNESS, NO_HARNESS, NO_HARNESS, NO_HELMET, NO_HARNESS, NO_HELMET, NO_HARNESS, NO_HARNESS, NO_HELMET, NO_HARNESS, NO_HELMET, NO_HARNESS, NO_HARNESS, NO_HELMET, NO_HARNESS, NO_HELMET, NO_HARNESS, NO_HELMET, NO_HARNESS, NO_HELMET, NO_HARNESS, NO_HELMET, NO_HARNESS, NO_HELMET, NO_HARNESS, NO_HARNESS, NO_HARNESS, NO_HARNESS, NO_HARNESS, NO_HELMET, NO_HARNESS, NO_HARNESS, NO_HELMET, NO_HARNESS, NO_HARNESS, NO_HARNESS",CRITICAL
2026-02-06 20:01:12,CAM_VIDEO,"NO_HELMET, NO_HARNESS, NO_HARNESS, NO_HARNESS, NO_HARNESS, NO_HELMET, NO_HARNESS, NO_HARNESS, NO_HARNESS, NO_HARNESS, NO_HELMET, NO_HARNESS, NO_HELMET, NO_HARNESS, NO_HARNESS, NO_HARNESS, NO_HELMET, NO_HARNESS, NO_HARNESS, NO_HELMET, NO_HARNESS, NO_HELMET, NO_HARNESS, NO_HARNESS, NO_HELMET, NO_HARNESS, NO_HARNESS, NO_HELMET, NO_HARNESS, NO_HARNESS, NO_HELMET, NO_HARNESS, NO_HELMET, NO_HARNESS, NO_HELMET, NO_HARNESS, NO_HARNESS, NO_HARNESS, NO_HARNESS, NO_HARNESS, NO_HARNESS, NO_HELMET, NO_HARNESS, NO_HARNESS, NO_HELMET, NO_HARNESS, NO_HARNESS, NO_HELMET, NO_HARNESS, NO_HARNESS, NO_HELMET, NO_HARNESS, NO_HELMET, NO_HARNESS, NO_HARNESS, NO_HELMET, NO_HARNESS, NO_HARNESS, NO_HELMET, NO_HARNESS, NO_HARNESS, NO_HARNESS, NO_HELMET, NO_HARNESS, NO_HELMET, NO_HARNESS",CRITICAL
2026-02-06 20:01:14,CAM_VIDEO,"NO_HELMET, NO_HARNESS, NO_HARNESS, NO_HARNESS, NO_HARNESS, NO_HARNESS, NO_HARNESS, NO_HELMET, NO_HARNESS, NO_HELMET, NO_HARNESS, NO_HARNESS, NO_HELMET, NO_HARNESS, NO_HARNESS, NO_HARNESS, NO_HARNESS, NO_HELMET, NO_HARNESS, NO_HARNESS, NO_HELMET, NO_HARNESS, NO_HARNESS, NO_HARNESS, NO_HELMET, NO_HARNESS, NO_HARNESS, NO_HARNESS, NO_HARNESS, NO_HELMET, NO_HARNESS, NO_HARNESS, NO_HELMET, NO_HARNESS, NO_HARNESS, NO_HARNESS, NO_HARNESS, NO_HARNESS, NO_HARNESS, NO_HARNESS, NO_HELMET, NO_HARNESS, NO_HELMET, NO_HARNESS, NO_HARNESS, NO_HARNESS, NO_HARNESS, NO_HARNESS, NO_HARNESS, NO_HELMET, NO_HARNESS, NO_HELMET, NO_HARNESS, NO_HELMET, NO_HARNESS, NO_HARNESS, NO_HARNESS, NO_HARNESS, NO_HARNESS, NO_HELMET, NO_HARNESS",CRITICAL
2026-02-06 20:01:15,CAM_VIDEO,"NO_HELMET, NO_HARNESS, NO_HELMET, NO_HARNESS, NO_HELMET, NO_HARNESS, NO_HARNESS, NO_HELMET, NO_HARNESS, NO_HELMET, NO_HARNESS, NO_HARNESS, NO_HARNESS, NO_HARNESS, NO_HARNESS, NO_HARNESS, NO_HARNESS, NO_HELMET, NO_HARNESS, NO_HARNESS, NO_HELMET, NO_HARNESS, NO_HELMET, NO_HARNESS, NO_HARNESS, NO_HARNESS, NO_HARNESS, NO_HELMET, NO_HARNESS, NO_HELMET, NO_HARNESS, NO_HARNESS, NO_HARNESS, NO_HARNESS, NO_HARNESS, NO_HARNESS, NO_HARNESS, NO_HARNESS, NO_HARNESS, NO_HARNESS, NO_HARNESS, NO_HELMET, NO_HARNESS, NO_HELMET, NO_HARNESS, NO_HARNESS, NO_HARNESS, NO_HELMET, NO_HARNESS, NO_HELMET, NO_HARNESS, NO_HARNESS, NO_HELMET, NO_HARNESS, NO_HELMET, NO_HARNESS, NO_HELMET, NO_HARNESS, NO_HARNESS",CRITICAL
2026-02-06 20:01:17,CAM_VIDEO,"NO_HARNESS, NO_HARNESS, NO_HARNESS, NO_HARNESS, NO_HARNESS, NO_HARNESS, NO_HELMET, NO_HARNESS, NO_HELMET, NO_HARNESS, NO_HARNESS, NO_HARNESS, NO_HELMET, NO_HARNESS, NO_HELMET, NO_HARNESS, NO_HELMET, NO_HARNESS, NO_HARNESS, NO_HELMET, NO_HARNESS, NO_HELMET, NO_HARNESS, NO_HARNESS, NO_HELMET, NO_HARNESS, NO_HELMET, NO_HARNESS, NO_HARNESS, NO_HELMET, NO_HARNESS, NO_HARNESS, NO_HARNESS, NO_HARNESS, NO_HELMET, NO_HARNESS, NO_HARNESS, NO_HARNESS, NO_HARNESS, NO_HARNESS, NO_HARNESS, NO_HARNESS, NO_HARNESS, NO_HARNESS, NO_HELMET, NO_HARNESS, NO_HELMET, NO_HARNESS, NO_HARNESS, NO_HELMET, NO_HARNESS, NO_HARNESS, NO_HARNESS, NO_HELMET, NO_HARNESS, NO_HARNESS, NO_HELMET, NO_HARNESS, NO_HELMET, NO_HARNESS, NO_HELMET, NO_HARNESS, NO_HARNESS, NO_HELMET, NO_HARNESS, NO_HELMET, NO_HARNESS, NO_HELMET, NO_HARNESS, NO_HARNESS, NO_HARNESS, NO_HELMET, NO_HARNESS, NO_HELMET, NO_HARNESS, NO_HELMET, NO_HARNESS, NO_HELMET, NO_HARNESS, NO_HELMET, NO_HARNESS, NO_HARNESS, NO_HELMET, NO_HARNESS, NO_HARNESS",CRITICAL
2026-02-06 20:01:18,CAM_VIDEO,"NO_HELMET, NO_HARNESS, NO_HARNESS, NO_HELMET, NO_HARNESS, NO_HELMET, NO_HARNESS, NO_HARNESS, NO_HARNESS, NO_HARNESS, NO_HARNESS, NO_HARNESS, NO_HELMET, NO_HARNESS, NO_HELMET, NO_HARNESS, NO_HELMET, NO_HARNESS, NO_HARNESS, NO_HELMET, NO_HARNESS, NO_HARNESS, NO_HARNESS, NO_HARNESS, NO_HARNESS, NO_HELMET, NO_HARNESS, NO_HELMET, NO_HARNESS, NO_HARNESS, NO_HARNESS, NO_HELMET, NO_HARNESS, NO_HELMET, NO_HARNESS, NO_HARNESS, NO_HARNESS, NO_HARNESS, NO_HARNESS, NO_HARNESS, NO_HARNESS, NO_HARNESS, NO_HARNESS, NO_HELMET, NO_HARNESS, NO_HELMET, NO_HARNESS, NO_HARNESS, NO_HARNESS, NO_HELMET, NO_HARNESS, NO_HELMET, NO_HARNESS, NO_HARNESS, NO_HELMET, NO_HARNESS, NO_HARNESS, NO_HELMET, NO_HARNESS, NO_HARNESS, NO_HELMET, NO_HARNESS, NO_HELMET, NO_HARNESS, NO_HARNESS, NO_HELMET, NO_HARNESS, NO_HARNESS, NO_HARNESS, NO_HARNESS, NO_HELMET, NO_HARNESS, NO_HARNESS, NO_HARNESS, NO_HARNESS, NO_HELMET, NO_HARNESS, NO_HELMET, NO_HARNESS, NO_HARNESS, NO_HARNESS, NO_HELMET, NO_HARNESS, NO_HELMET, NO_HARNESS, NO_HELMET, NO_HARNESS, NO_HARNESS, NO_HARNESS, NO_HELMET, NO_HARNESS, NO_HARNESS, NO_HARNESS, NO_HELMET, NO_HARNESS",CRITICAL
2026-02-06 20:01:20,CAM_VIDEO,"NO_HARNESS, NO_HARNESS, NO_HELMET, NO_HARNESS, NO_HARNESS, NO_HARNESS, NO_HARNESS, NO_HELMET, NO_HARNESS, NO_HARNESS, NO_HARNESS, NO_HELMET, NO_HARNESS, NO_HELMET, NO_HARNESS, NO_HARNESS, NO_HELMET, NO_HARNESS, NO_HELMET, NO_HARNESS, NO_HARNESS, NO_HARNESS, NO_HELMET, NO_HARNESS, NO_HARNESS, NO_HARNESS, NO_HARNESS, NO_HELMET, NO_HARNESS, NO_HELMET, NO_HARNESS, NO_HARNESS, NO_HARNESS, NO_HARNESS, NO_HARNESS, NO_HARNESS, NO_HELMET, NO_HARNESS, NO_HARNESS, NO_HARNESS, NO_HELMET, NO_HARNESS, NO_HARNESS, NO_HARNESS, NO_HELMET, NO_HARNESS, NO_HELMET, NO_HELMET, NO_HARNESS, NO_HELMET, NO_HARNESS, NO_HARNESS, NO_HARNESS, NO_HELMET, NO_HARNESS, NO_HARNESS, NO_HARNESS, NO_HARNESS, NO_HARNESS, NO_HARNESS, NO_HELMET, NO_HARNESS, NO_HELMET, NO_HARNESS, NO_HARNESS, NO_HELMET, NO_HARNESS, NO_HARNESS, NO_HARNESS, NO_HARNESS, NO_HELMET, NO_HARNESS, NO_HELMET, NO_HARNESS, NO_HARNESS, NO_HARNESS, NO_HARNESS, NO_HELMET, NO_HARNESS, NO_HELMET, NO_HARNESS, NO_HARNESS, NO_HELMET, NO_HARNESS, NO_HARNESS",CRITICAL
2026-02-06 20:01:21,CAM_VIDEO,"NO_HELMET, NO_HARNESS, NO_HELMET, NO_HARNESS, NO_HARNESS, NO_HELMET, NO_HARNESS, NO_HELMET, NO_HARNESS, NO_HARNESS, NO_HELMET, NO_HARNESS, NO_HARNESS, NO_HARNESS, NO_HELMET, NO_HARNESS, NO_HELMET, NO_HARNESS, NO_HARNESS, NO_HARNESS, NO_HARNESS, NO_HARNESS, NO_HARNESS, NO_HELMET, NO_HARNESS, NO_HARNESS, NO_HARNESS, NO_HARNESS, NO_HARNESS, NO_HARNESS, NO_HELMET, NO_HARNESS, NO_HELMET, NO_HARNESS, NO_HARNESS, NO_HARNESS, NO_HARNESS, NO_HELMET, NO_HARNESS, NO_HARNESS, NO_HARNESS, NO_HARNESS, NO_HELMET, NO_HARNESS, NO_HARNESS, NO_HARNESS, NO_HARNESS, NO_HELMET, NO_HARNESS",CRITICAL
2026-02-06 20:01:23,CAM_VIDEO,"NO_HARNESS, NO_HARNESS, NO_HELMET, NO_HARNESS, NO_HARNESS, NO_HARNESS, NO_HARNESS, NO_HELMET, NO_HARNESS, NO_HELMET, NO_HARNESS, NO_HARNESS, NO_HARNESS, NO_HARNESS, NO_HELMET, NO_HARNESS, NO_HARNESS, NO_HARNESS, NO_HARNESS, NO_HARNESS, NO_HARNESS, NO_HARNESS, NO_HELMET, NO_HARNESS, NO_HELMET, NO_HARNESS, NO_HARNESS, NO_HELMET, NO_HARNESS, NO_HARNESS, NO_HARNESS, NO_HARNESS, NO_HELMET, NO_HARNESS, NO_HARNESS, NO_HELMET, NO_HARNESS, NO_HELMET, NO_HARNESS, NO_HELMET, NO_HARNESS, NO_HELMET, NO_HARNESS, NO_HARNESS, NO_HARNESS, NO_HELMET, NO_HARNESS, NO_HARNESS, NO_HELMET, NO_HARNESS, NO_HARNESS, NO_HELMET, NO_HARNESS, NO_HARNESS, NO_HARNESS, NO_HARNESS, NO_HELMET, NO_HARNESS, NO_HELMET, NO_HARNESS, NO_HARNESS",CRITICAL
2026-02-06 20:01:24,CAM_VIDEO,"NO_HARNESS, NO_HARNESS, NO_HELMET, NO_HARNESS, NO_HELMET, NO_HARNESS, NO_HARNESS, NO_HARNESS, NO_HELMET, NO_HARNESS, NO_HARNESS, NO_HELMET, NO_HARNESS, NO_HARNESS, NO_HARNESS, NO_HELMET, NO_HARNESS, NO_HELMET, NO_HARNESS, NO_HARNESS, NO_HARNESS, NO_HELMET, NO_HARNESS, NO_HARNESS, NO_HELMET, NO_HARNESS, NO_HELMET, NO_HARNESS, NO_HARNESS, NO_HARNESS, NO_HELMET, NO_HARNESS, NO_HARNESS, NO_HELMET, NO_HARNESS, NO_HARNESS, NO_HARNESS, NO_HARNESS, NO_HELMET, NO_HARNESS, NO_HARNESS, NO_HELMET, NO_HARNESS, NO_HELMET, NO_HARNESS, NO_HARNESS, NO_HELMET, NO_HARNESS, NO_HARNESS",CRITICAL
2026-02-06 20:01:25,CAM_VIDEO,"NO_HARNESS, NO_HELMET, NO_HARNESS, NO_HARNESS, NO_HARNESS, NO_HARNESS, NO_HARNESS, NO_HELMET, NO_HARNESS, NO_HELMET, NO_HARNESS, NO_HELMET, NO_HARNESS, NO_HELMET, NO_HARNESS, NO_HARNESS, NO_HELMET, NO_HARNESS, NO_HARNESS, NO_HELMET, NO_HARNESS, NO_HARNESS, NO_HARNESS, NO_HARNESS, NO_HELMET, NO_HARNESS, NO_HARNESS, NO_HARNESS, NO_HARNESS, NO_HARNESS, NO_HELMET, NO_HARNESS, NO_HARNESS, NO_HARNESS, NO_HARNESS, NO_HELMET, NO_HARNESS, NO_HARNESS, NO_HARNESS, NO_HARNESS, NO_HELMET, NO_HARNESS, NO_HELMET, NO_HARNESS, NO_HELMET, NO_HARNESS, NO_HELMET, NO_HARNESS, NO_HELMET, NO_HARNESS, NO_HARNESS, NO_HARNESS, NO_HELMET, NO_HARNESS, NO_HARNESS, NO_HARNESS, NO_HARNESS",CRITICAL
2026-02-06 20:01:26,CAM_VIDEO,"NO_HELMET, NO_HARNESS, NO_HARNESS, NO_HELMET, NO_HARNESS, NO_HELMET, NO_HARNESS, NO_HARNESS, NO_HARNESS, NO_HARNESS, NO_HELMET, NO_HARNESS, NO_HARNESS, NO_HARNESS, NO_HELMET, NO_HARNESS, NO_HARNESS, NO_HELMET, NO_HARNESS, NO_HARNESS, NO_HARNESS, NO_HELMET, NO_HARNESS, NO_HARNESS, NO_HELMET, NO_HARNESS, NO_HELMET, NO_HARNESS, NO_HARNESS, NO_HARNESS, NO_HELMET, NO_HARNESS, NO_HELMET, NO_HARNESS, NO_HELMET, NO_HARNESS, NO_HARNESS, NO_HELMET, NO_HARNESS, NO_HELMET, NO_HARNESS, NO_HARNESS, NO_HARNESS, NO_HELMET, NO_HARNESS, NO_HARNESS, NO_HELMET, NO_HARNESS, NO_HARNESS, NO_HARNESS, NO_HARNESS, NO_HARNESS, NO_HELMET, NO_HARNESS, NO_HELMET, NO_HARNESS, NO_HELMET, NO_HARNESS, NO_HARNESS, NO_HARNESS, NO_HARNESS, NO_HARNESS, NO_HELMET, NO_HARNESS, NO_HELMET, NO_HARNESS, NO_HARNESS, NO_HARNESS",CRITICAL
2026-02-06 20:01:28,CAM_VIDEO,"NO_HARNESS, NO_HELMET, NO_HARNESS, NO_HARNESS, NO_HARNESS, NO_HARNESS, NO_HELMET, NO_HARNESS, NO_HARNESS, NO_HARNESS, NO_HELMET, NO_HARNESS, NO_HARNESS, NO_HARNESS, NO_HELMET, NO_HARNESS, NO_HARNESS, NO_HARNESS, NO_HELMET, NO_HARNESS, NO_HELMET, NO_HARNESS, NO_HELMET, NO_HARNESS, NO_HELMET, NO_HARNESS, NO_HELMET, NO_HARNESS, NO_HARNESS, NO_HARNESS, NO_HARNESS, NO_HARNESS, NO_HARNESS, NO_HARNESS, NO_HARNESS, NO_HARNESS, NO_HELMET, NO_HARNESS, NO_HELMET, NO_HARNESS, NO_HELMET, NO_HARNESS, NO_HARNESS, NO_HELMET, NO_HARNESS, NO_HARNESS, NO_HARNESS, NO_HARNESS",CRITICAL
2026-02-06 20:01:30,CAM_VIDEO,"NO_HARNESS, NO_HELMET, NO_HARNESS, NO_HARNESS, NO_HARNESS, NO_HARNESS, NO_HARNESS, NO_HARNESS, NO_HELMET, NO_HARNESS, NO_HARNESS, NO_HARNESS, NO_HARNESS, NO_HELMET, NO_HARNESS, NO_HARNESS, NO_HARNESS, NO_HARNESS, NO_HELMET, NO_HARNESS, NO_HELMET, NO_HARNESS, NO_HELMET, NO_HARNESS, NO_HARNESS, NO_HELMET, NO_HARNESS, NO_HELMET, NO_HARNESS, NO_HARNESS, NO_HARNESS, NO_HARNESS, NO_HELMET, NO_HARNESS, NO_HARNESS, NO_HELMET, NO_HARNESS, NO_HARNESS, NO_HELMET, NO_HARNESS, NO_HARNESS, NO_HELMET, NO_HARNESS, NO_HARNESS, NO_HARNESS, NO_HELMET, NO_HARNESS, NO_HELMET, NO_HARNESS, NO_HELMET, NO_HARNESS, NO_HARNESS",CRITICAL
2026-02-06 20:01:31,CAM_VIDEO,"NO_HARNESS, NO_HELMET, NO_HARNESS, NO_HARNESS, NO_HARNESS, NO_HARNESS, NO_HARNESS, NO_HARNESS, NO_HARNESS, NO_HARNESS, NO_HARNESS, NO_HELMET, NO_HARNESS, NO_HELMET, NO_HARNESS, NO_HELMET, NO_HARNESS, NO_HELMET, NO_HARNESS, NO_HARNESS, NO_HELMET, NO_HARNESS, NO_HELMET, NO_HARNESS, NO_HARNESS, NO_HELMET, NO_HARNESS, NO_HARNESS, NO_HARNESS, NO_HELMET, NO_HARNESS, NO_HARNESS, NO_HARNESS, NO_HARNESS, NO_HELMET, NO_HARNESS, NO_HARNESS, NO_HELMET, NO_HARNESS, NO_HELMET, NO_HARNESS, NO_HARNESS, NO_HELMET, NO_HARNESS, NO_HARNESS, NO_HELMET, NO_HARNESS, NO_HARNESS, NO_HARNESS, NO_HARNESS, NO_HARNESS, NO_HELMET, NO_HARNESS, NO_HARNESS, NO_HARNESS, NO_HELMET, NO_HARNESS, NO_HELMET, NO_HARNESS, NO_HARNESS, NO_HELMET, NO_HARNESS, NO_HELMET, NO_HARNESS, NO_HELMET, NO_HARNESS, NO_HARNESS, NO_HELMET, NO_HARNESS, NO_HARNESS, NO_HARNESS, NO_HARNESS, NO_HARNESS, NO_HARNESS, NO_HELMET, NO_HARNESS, NO_HARNESS, NO_HARNESS",CRITICAL
2026-02-06 20:01:34,CAM_VIDEO,"NO_HARNESS, NO_HARNESS, NO_HELMET, NO_HARNESS, NO_HELMET, NO_HARNESS, NO_HARNESS, NO_HARNESS, NO_HARNESS, NO_HARNESS, NO_HARNESS, NO_HELMET, NO_HARNESS, NO_HELMET, NO_HARNESS, NO_HARNESS, NO_HARNESS, NO_HELMET, NO_HARNESS, NO_HELMET, NO_HARNESS, NO_HELMET, NO_HARNESS, NO_HARNESS, NO_HELMET, NO_HARNESS, NO_HELMET, NO_HARNESS, NO_HARNESS, NO_HARNESS, NO_HARNESS, NO_HELMET, NO_HARNESS, NO_HELMET, NO_HARNESS, NO_HARNESS, NO_HARNESS, NO_HARNESS, NO_HARNESS, NO_HARNESS, NO_HARNESS, NO_HELMET, NO_HARNESS, NO_HARNESS, NO_HARNESS, NO_HELMET, NO_HARNESS, NO_HARNESS, NO_HARNESS, NO_HELMET, NO_HARNESS, NO_HELMET, NO_HARNESS, NO_HARNESS, NO_HELMET, NO_HARNESS, NO_HELMET, NO_HARNESS, NO_HELMET, NO_HARNESS, NO_HARNESS, NO_HELMET, NO_HARNESS, NO_HARNESS",CRITICAL
2026-02-06 20:01:37,CAM_VIDEO,"NO_HARNESS, NO_HELMET, NO_HARNESS, NO_HARNESS, NO_HELMET, NO_HARNESS, NO_HARNESS, NO_HELMET, NO_HARNESS, NO_HARNESS, NO_HARNESS, NO_HARNESS, NO_HELMET, NO_HARNESS, NO_HARNESS, NO_HELMET, NO_HARNESS, NO_HARNESS, NO_HELMET, NO_HARNESS, NO_HARNESS, NO_HARNESS, NO_HARNESS, NO_HARNESS, NO_HARNESS, NO_HARNESS, NO_HARNESS, NO_HARNESS, NO_HARNESS, NO_HARNESS, NO_HELMET, NO_HARNESS, NO_HARNESS, NO_HARNESS, NO_HELMET, NO_HARNESS, NO_HARNESS, NO_HARNESS, NO_HARNESS, NO_HELMET, NO_HARNESS, NO_HARNESS, NO_HELMET, NO_HARNESS, NO_HARNESS, NO_HARNESS, NO_HARNESS, NO_HARNESS, NO_HARNESS, NO_HARNESS, NO_HARNESS, NO_HELMET, NO_HARNESS, NO_HELMET, NO_HARNESS, NO_HARNESS, NO_HELMET, NO_HARNESS, NO_HARNESS, NO_HARNESS, NO_HARNESS, NO_HARNESS, NO_HARNESS, NO_HARNESS, NO_HARNESS, NO_HELMET, NO_HARNESS, NO_HELMET, NO_HARNESS",CRITICAL
2026-02-06 20:34:37,CAM_VIDEO,"NO_HELMET, NO_HARNESS, NO_HELMET, NO_HARNESS",CRITICAL
2026-02-06 20:34:41,CAM_VIDEO,"NO_HELMET, NO_HARNESS, NO_HELMET, NO_HARNESS",CRITICAL
2026-02-06 20:34:46,CAM_VIDEO,"NO_HELMET, NO_HARNESS",CRITICAL
2026-02-06 20:34:51,CAM_VIDEO,"NO_HELMET, NO_HARNESS",CRITICAL
2026-02-06 20:34:55,CAM_VIDEO,"NO_HELMET, NO_HARNESS",CRITICAL
2026-02-06 20:34:58,CAM_VIDEO,"NO_HELMET, NO_HARNESS",CRITICAL
2026-02-06 20:35:00,CAM_VIDEO,"NO_HELMET, NO_HARNESS",CRITICAL
2026-02-06 20:35:04,CAM_VIDEO,"NO_HELMET, NO_HARNESS",CRITICAL
2026-02-06 20:35:06,CAM_VIDEO,"NO_HELMET, NO_HARNESS",CRITICAL
2026-02-06 20:35:09,CAM_VIDEO,"NO_HELMET, NO_HARNESS",CRITICAL
2026-02-06 20:35:11,CAM_VIDEO,"NO_HELMET, NO_HARNESS",CRITICAL
2026-02-06 20:35:14,CAM_VIDEO,"NO_HELMET, NO_HARNESS",CRITICAL
2026-02-06 20:35:17,CAM_VIDEO,"NO_HELMET, NO_HARNESS",CRITICAL
2026-02-06 20:35:19,CAM_VIDEO,"NO_HELMET, NO_HARNESS",CRITICAL
2026-02-06 20:35:22,CAM_VIDEO,"NO_HELMET, NO_HARNESS, NO_HELMET, NO_HARNESS",CRITICAL
2026-02-06 20:35:26,CAM_VIDEO,"NO_HELMET, NO_HARNESS",CRITICAL
2026-02-06 20:35:29,CAM_VIDEO,"NO_HELMET, NO_HARNESS",CRITICAL
2026-02-06 20:35:32,CAM_VIDEO,"NO_HELMET, NO_HARNESS",CRITICAL
2026-02-06 20:35:35,CAM_VIDEO,"NO_HELMET, NO_HARNESS",CRITICAL
2026-02-06 20:35:39,CAM_VIDEO,"NO_HELMET, NO_HARNESS",CRITICAL
2026-02-06 20:35:43,CAM_VIDEO,"NO_HELMET, NO_HARNESS",CRITICAL
2026-02-06 20:35:46,CAM_VIDEO,"NO_HELMET, NO_HARNESS",CRITICAL
2026-02-06 20:35:48,CAM_VIDEO,"NO_HELMET, NO_HARNESS",CRITICAL
2026-02-06 20:35:51,CAM_VIDEO,"NO_HELMET, NO_HARNESS",CRITICAL
2026-02-06 20:35:54,CAM_VIDEO,"NO_HELMET, NO_HARNESS",CRITICAL
2026-02-06 20:35:57,CAM_VIDEO,"NO_HELMET, NO_HARNESS",CRITICAL
2026-02-06 20:36:01,CAM_VIDEO,"NO_HELMET, NO_HELMET, NO_HARNESS",CRITICAL
2026-02-06 20:36:04,CAM_VIDEO,"NO_HELMET, NO_HELMET, NO_HARNESS",CRITICAL
2026-02-06 20:36:07,CAM_VIDEO,"NO_HELMET, NO_HELMET, NO_HARNESS",CRITICAL
2026-02-06 20:36:10,CAM_VIDEO,"NO_HELMET, NO_HELMET, NO_HARNESS",CRITICAL
2026-02-06 20:36:13,CAM_VIDEO,"NO_HELMET, NO_HELMET, NO_HARNESS",CRITICAL
2026-02-06 20:36:19,CAM_VIDEO,"NO_HELMET, NO_HELMET, NO_HARNESS",CRITICAL
2026-02-06 20:36:24,CAM_VIDEO,"NO_HELMET, NO_HELMET, NO_HARNESS",CRITICAL
2026-02-06 20:36:27,CAM_VIDEO,"NO_HELMET, NO_HARNESS, NO_HELMET, NO_HARNESS",CRITICAL
2026-02-06 20:36:32,CAM_VIDEO,"NO_HELMET, NO_HELMET, NO_HARNESS",CRITICAL
2026-02-06 20:36:35,CAM_VIDEO,"NO_HELMET, NO_HELMET, NO_HARNESS",CRITICAL
2026-02-06 20:36:40,CAM_VIDEO,"NO_HELMET, NO_HELMET, NO_HARNESS",CRITICAL
2026-02-06 20:36:43,CAM_VIDEO,"NO_HELMET, NO_HELMET, NO_HARNESS",CRITICAL
2026-02-06 20:36:49,CAM_VIDEO,"NO_HELMET, NO_HELMET, NO_HARNESS",CRITICAL
2026-02-06 20:36:55,CAM_VIDEO,"NO_HELMET, NO_HELMET, NO_HARNESS, NO_HELMET, NO_HARNESS",CRITICAL
2026-02-06 20:36:59,CAM_VIDEO,"NO_HELMET, NO_HELMET, NO_HARNESS, NO_HELMET, NO_HARNESS",CRITICAL
2026-02-06 20:37:04,CAM_VIDEO,"NO_HELMET, NO_HELMET, NO_HARNESS",CRITICAL
2026-02-06 20:37:07,CAM_VIDEO,"NO_HELMET, NO_HARNESS, NO_HELMET, NO_HARNESS",CRITICAL
2026-02-06 20:37:12,CAM_VIDEO,"NO_HELMET, NO_HARNESS, NO_HELMET, NO_HARNESS",CRITICAL
2026-02-06 20:37:17,CAM_VIDEO,"NO_HELMET, NO_HARNESS, NO_HELMET, NO_HARNESS",CRITICAL
2026-02-06 20:37:22,CAM_VIDEO,"NO_HELMET, NO_HARNESS, NO_HELMET, NO_HARNESS",CRITICAL
2026-02-06 20:37:27,CAM_VIDEO,"NO_HELMET, NO_HARNESS, NO_HELMET, NO_HARNESS",CRITICAL
2026-02-06 20:37:30,CAM_VIDEO,"NO_HELMET, NO_HARNESS, NO_HELMET, NO_HARNESS, NO_HARNESS",CRITICAL
2026-02-06 20:37:35,CAM_VIDEO,"NO_HELMET, NO_HARNESS, NO_HARNESS, NO_HELMET, NO_HARNESS, NO_HELMET, NO_HARNESS",CRITICAL
2026-02-06 20:37:40,CAM_VIDEO,"NO_HELMET, NO_HARNESS, NO_HELMET, NO_HARNESS, NO_HELMET, NO_HARNESS",CRITICAL
2026-02-06 20:37:48,CAM_VIDEO,"NO_HELMET, NO_HARNESS, NO_HARNESS, NO_HELMET, NO_HARNESS",CRITICAL
2026-02-06 20:37:53,CAM_VIDEO,"NO_HELMET, NO_HARNESS, NO_HELMET, NO_HARNESS",CRITICAL
2026-02-06 20:37:56,CAM_VIDEO,"NO_HELMET, NO_HARNESS, NO_HELMET, NO_HARNESS",CRITICAL
2026-02-06 20:38:00,CAM_VIDEO,"NO_HELMET, NO_HARNESS, NO_HARNESS, NO_HELMET, NO_HARNESS",CRITICAL
2026-02-06 20:38:05,CAM_VIDEO,"NO_HELMET, NO_HARNESS, NO_HARNESS, NO_HELMET, NO_HARNESS",CRITICAL
2026-02-06 20:38:10,CAM_VIDEO,"NO_HELMET, NO_HARNESS, NO_HARNESS, NO_HELMET, NO_HARNESS",CRITICAL
2026-02-06 20:38:15,CAM_VIDEO,"NO_HELMET, NO_HARNESS, NO_HARNESS, NO_HELMET, NO_HARNESS, NO_HARNESS",CRITICAL
2026-02-06 20:38:19,CAM_VIDEO,"NO_HELMET, NO_HARNESS, NO_HARNESS, NO_HELMET, NO_HARNESS, NO_HARNESS",CRITICAL
2026-02-06 20:38:28,CAM_VIDEO,"NO_HELMET, NO_HARNESS, NO_HARNESS, NO_HELMET, NO_HARNESS",CRITICAL
2026-02-06 20:45:17,CAM_VIDEO,"NO_HELMET, NO_HARNESS, NO_HELMET, NO_HARNESS",CRITICAL
2026-02-06 20:45:59,CAM_VIDEO,"NO_HELMET, NO_HARNESS, NO_HELMET, NO_HARNESS",CRITICAL
2026-02-06 20:46:00,CAM_VIDEO,"NO_HELMET, NO_HARNESS",CRITICAL
2026-02-06 20:46:02,CAM_VIDEO,"NO_HELMET, NO_HARNESS",CRITICAL
2026-02-06 20:46:03,CAM_VIDEO,"NO_HELMET, NO_HARNESS",CRITICAL
2026-02-06 20:46:05,CAM_VIDEO,"NO_HELMET, NO_HARNESS",CRITICAL
2026-02-06 20:46:06,CAM_VIDEO,"NO_HELMET, NO_HARNESS",CRITICAL
2026-02-06 20:46:07,CAM_VIDEO,"NO_HELMET, NO_HARNESS",CRITICAL
2026-02-06 20:46:09,CAM_VIDEO,"NO_HELMET, NO_HARNESS",CRITICAL
2026-02-06 20:46:10,CAM_VIDEO,"NO_HELMET, NO_HARNESS",CRITICAL
2026-02-06 20:46:12,CAM_VIDEO,"NO_HELMET, NO_HARNESS",CRITICAL
2026-02-06 20:46:13,CAM_VIDEO,"NO_HELMET, NO_HARNESS",CRITICAL
2026-02-06 20:46:14,CAM_VIDEO,"NO_HELMET, NO_HARNESS",CRITICAL
2026-02-06 20:46:16,CAM_VIDEO,"NO_HELMET, NO_HARNESS",CRITICAL
2026-02-06 20:46:17,CAM_VIDEO,"NO_HELMET, NO_HARNESS, NO_HELMET, NO_HARNESS",CRITICAL
2026-02-06 20:46:19,CAM_VIDEO,"NO_HELMET, NO_HARNESS",CRITICAL
2026-02-06 20:46:20,CAM_VIDEO,"NO_HELMET, NO_HARNESS",CRITICAL
2026-02-06 20:46:22,CAM_VIDEO,"NO_HELMET, NO_HARNESS",CRITICAL
2026-02-06 20:46:23,CAM_VIDEO,"NO_HELMET, NO_HARNESS",CRITICAL
2026-02-06 20:46:25,CAM_VIDEO,"NO_HELMET, NO_HARNESS",CRITICAL
2026-02-06 20:46:26,CAM_VIDEO,"NO_HELMET, NO_HARNESS",CRITICAL
2026-02-06 20:46:27,CAM_VIDEO,"NO_HELMET, NO_HARNESS",CRITICAL
2026-02-06 20:46:29,CAM_VIDEO,"NO_HELMET, NO_HARNESS",CRITICAL
2026-02-06 20:46:30,CAM_VIDEO,"NO_HELMET, NO_HARNESS",CRITICAL
2026-02-06 20:46:32,CAM_VIDEO,"NO_HELMET, NO_HARNESS",CRITICAL
2026-02-06 20:46:33,CAM_VIDEO,"NO_HELMET, NO_HARNESS",CRITICAL
2026-02-06 20:46:34,CAM_VIDEO,"NO_HELMET, NO_HELMET, NO_HARNESS",CRITICAL
2026-02-06 20:46:36,CAM_VIDEO,"NO_HELMET, NO_HELMET, NO_HARNESS",CRITICAL
2026-02-06 20:46:37,CAM_VIDEO,"NO_HELMET, NO_HELMET, NO_HARNESS",CRITICAL
2026-02-06 20:46:39,CAM_VIDEO,"NO_HELMET, NO_HELMET, NO_HARNESS",CRITICAL
2026-02-06 20:46:40,CAM_VIDEO,"NO_HELMET, NO_HELMET, NO_HARNESS",CRITICAL
2026-02-06 20:46:41,CAM_VIDEO,"NO_HELMET, NO_HELMET, NO_HARNESS",CRITICAL
2026-02-06 20:46:43,CAM_VIDEO,"NO_HELMET, NO_HELMET, NO_HARNESS",CRITICAL
2026-02-06 20:46:44,CAM_VIDEO,"NO_HELMET, NO_HARNESS, NO_HELMET, NO_HARNESS",CRITICAL
2026-02-06 20:46:46,CAM_VIDEO,"NO_HELMET, NO_HELMET, NO_HARNESS",CRITICAL
2026-02-06 20:46:47,CAM_VIDEO,"NO_HELMET, NO_HELMET, NO_HARNESS",CRITICAL
2026-02-06 20:46:49,CAM_VIDEO,"NO_HELMET, NO_HELMET, NO_HARNESS",CRITICAL
2026-02-06 20:46:50,CAM_VIDEO,"NO_HELMET, NO_HELMET, NO_HARNESS",CRITICAL
2026-02-06 20:46:51,CAM_VIDEO,"NO_HELMET, NO_HELMET, NO_HARNESS",CRITICAL
2026-02-06 20:46:53,CAM_VIDEO,"NO_HELMET, NO_HELMET, NO_HARNESS, NO_HELMET, NO_HARNESS",CRITICAL
2026-02-06 20:46:54,CAM_VIDEO,"NO_HELMET, NO_HELMET, NO_HARNESS, NO_HELMET, NO_HARNESS",CRITICAL
2026-02-06 20:46:56,CAM_VIDEO,"NO_HELMET, NO_HELMET, NO_HARNESS",CRITICAL
2026-02-06 20:46:57,CAM_VIDEO,"NO_HELMET, NO_HARNESS, NO_HELMET, NO_HARNESS",CRITICAL
2026-02-06 20:46:58,CAM_VIDEO,"NO_HELMET, NO_HARNESS, NO_HELMET, NO_HARNESS",CRITICAL
2026-02-06 20:47:00,CAM_VIDEO,"NO_HELMET, NO_HARNESS, NO_HELMET, NO_HARNESS",CRITICAL
2026-02-06 20:47:01,CAM_VIDEO,"NO_HELMET, NO_HARNESS, NO_HELMET, NO_HARNESS",CRITICAL
2026-02-06 20:47:03,CAM_VIDEO,"NO_HELMET, NO_HARNESS, NO_HELMET, NO_HARNESS",CRITICAL
2026-02-06 20:47:04,CAM_VIDEO,"NO_HELMET, NO_HARNESS, NO_HELMET, NO_HARNESS, NO_HARNESS",CRITICAL
2026-02-06 20:47:05,CAM_VIDEO,"NO_HELMET, NO_HARNESS, NO_HARNESS, NO_HELMET, NO_HARNESS, NO_HELMET, NO_HARNESS",CRITICAL
2026-02-06 20:47:07,CAM_VIDEO,"NO_HELMET, NO_HARNESS, NO_HELMET, NO_HARNESS, NO_HELMET, NO_HARNESS",CRITICAL
2026-02-06 20:47:08,CAM_VIDEO,"NO_HELMET, NO_HARNESS, NO_HARNESS, NO_HELMET, NO_HARNESS",CRITICAL
2026-02-06 20:47:10,CAM_VIDEO,"NO_HELMET, NO_HARNESS, NO_HELMET, NO_HARNESS",CRITICAL
2026-02-06 20:47:11,CAM_VIDEO,"NO_HELMET, NO_HARNESS, NO_HELMET, NO_HARNESS",CRITICAL
2026-02-06 20:47:13,CAM_VIDEO,"NO_HELMET, NO_HARNESS, NO_HARNESS, NO_HELMET, NO_HARNESS",CRITICAL
2026-02-06 20:47:14,CAM_VIDEO,"NO_HELMET, NO_HARNESS, NO_HARNESS, NO_HELMET, NO_HARNESS",CRITICAL
2026-02-07 09:58:06,CAM_DEMO,"NO_HELMET, NO_HELMET, NO_HELMET",WARNING
2026-02-07 09:58:08,CAM_DEMO,"NO_HELMET, NO_HELMET, NO_HELMET, NO_HELMET",WARNING
2026-02-07 09:58:11,CAM_DEMO,"NO_HELMET, NO_HELMET",WARNING
2026-02-07 09:58:13,CAM_DEMO,"NO_HELMET, NO_HELMET",WARNING
2026-02-07 09:58:20,CAM_DEMO,"NO_HELMET, NO_HELMET",WARNING
2026-02-07 09:58:22,CAM_DEMO,"NO_HELMET, NO_HELMET",WARNING
2026-02-07 09:58:24,CAM_DEMO,NO_HELMET,WARNING
2026-02-07 09:58:26,CAM_DEMO,"NO_HELMET, NO_HELMET, NO_HELMET",WARNING
2026-02-07 09:58:29,CAM_DEMO,NO_HELMET,WARNING
2026-02-07 09:58:31,CAM_DEMO,"NO_HELMET, NO_HELMET, NO_HELMET, NO_HELMET",WARNING
2026-02-07 09:58:33,CAM_DEMO,NO_HELMET,WARNING
2026-02-07 09:58:35,CAM_DEMO,NO_HELMET,WARNING
2026-02-07 09:58:38,CAM_DEMO,"NO_HELMET, NO_HELMET",WARNING
2026-02-07 09:59:00,CAM_DEMO,NO_HELMET,WARNING
2026-02-07 09:59:03,CAM_DEMO,NO_HELMET,WARNING
2026-02-21 10:52:53,CAM_VIDEO,NO_HARNESS,CRITICAL
2026-02-21 10:52:54,CAM_VIDEO,"NO_HELMET, NO_HARNESS",CRITICAL
2026-02-21 10:53:01,CAM_VIDEO,NO_HARNESS,CRITICAL
2026-02-21 10:53:02,CAM_VIDEO,"NO_HELMET, NO_HARNESS",CRITICAL
2026-02-21 10:53:03,CAM_VIDEO,NO_HARNESS,CRITICAL
2026-02-21 10:53:03,CAM_VIDEO,NO_HARNESS,CRITICAL
2026-02-21 10:53:03,CAM_VIDEO,"NO_HELMET, NO_HARNESS",CRITICAL
2026-02-21 10:53:03,CAM_VIDEO,NO_HELMET,CRITICAL
2026-02-21 10:53:04,CAM_VIDEO,"NO_HARNESS, NO_HARNESS",CRITICAL
2026-02-21 10:53:04,CAM_VIDEO,NO_HELMET,CRITICAL
2026-02-21 10:53:04,CAM_VIDEO,"NO_HELMET, NO_HARNESS",CRITICAL
2026-02-21 10:53:05,CAM_VIDEO,"NO_HARNESS, NO_HELMET, NO_HARNESS",CRITICAL
2026-02-21 10:53:07,CAM_VIDEO,NO_HARNESS,CRITICAL
